Workbook

Sheet Entry
A1: Price (strike prices below value) | D1: Weight | E1: Long | F1: Immediate
A2: =A8-MOD(A8,50) -> 24550 | D2: =D3-50 -> 24350 | E2: 1 | F2: 0
A3: PCR | D3: =D4-50 -> 24400 | E3: 2 | F3: 0
A4: =SUM('Data Dump'!V:V)/SUM('Data Dump'!B:B) -> #N/A | B4: 1 | D4: =D5-50 -> 24450 | E4: 4 | F4: 0
D5: =D6-50 -> 24500 | E5: 11 | F5: 15
A6: 7 | D6: =A2 -> 24550 | E6: 32 | F6: 35
A7: Current Price | D7: =D6+50 -> 24600 | E7: 32 | F7: 35
A8: 24568 | D8: =D7+50 -> 24650 | E8: 11 | F8: 15
A9: SD | B9: VIX | D9: =D8+50 -> 24700 | E9: 4 | F9: 0
A10: 0.23 | B10: 0.145 | D10: =D9+50 -> 24750 | E10: 2 | F10: 0
A11: VIX Weekly | D11: =D10+50 -> 24800 | E11: 1 | F11: 0
A12: =B10/SQRT(52) -> 0.020107882
A13: Vix Daily
A14: =B10/SQRT(255) -> 0.0090802522
A15: Intrest rate
A16: 0.07
A17: Time of expiry
A18: =(5-WEEKDAY(TODAY())+1)/365 -> 0.0082191781
A19: 1 yr return
A20: 0.2369
A21: Divident
A22: 0.0125
A23: IV
A24: =(AVERAGE('Data Dump'!E:E)+AVERAGE('Data Dump'!S:S))/2 -> #N/A | B24: 6.06

Sheet Sheet1
B2: Cookies
B3: _ga=GA1.1.368949583.1715016028; _ga_QJZ4447QD3=GS1.1.1716713387.2.0.1716713387.0.0.0; AKA_A2=A; defaultLang=en; ak_bmsc=5049A452E2B2673B8F23D47D32B18D23~000000000000000000000000000000~YAAQgbYRYIhcrgeRAQAAMmUAHRje7rkSdT9arGwcI1x+NwD+Qw9B0nTiMCsy38LBOWE1cFJucqsYYxoYBzTBYo10MQcTbo7b7OJby21hrD+ya/dGsxv13C/PrFU4zPJ3Cq+O+mHPv0t6oBDlMw0LjylkMSPyveKWmdZfHM8Z7hD5JSfctKVaMgp+++QsmtjB5nqIQJi5oKnAQxjB6iQNpyUOR3RpMtS2s8agoaSOrkkRSvAj7GnePNjXyGkI9dJZmMqaYo2MJXRfyRTGv3ijDoUR5xdjBJyV/r6ecSQQMsf/KSKKLEAwu5KnvEQEkAf7ZSf592Gxs7dyVhsEr+V+5ZK3xjJvL2VTlYfAzrMPtO/lx++sSLZ+Y9nmgCyJ8f3/16rRfMRG5qKGgewF9OPzV06DilBIHnXcRWY4OoCTXI+pQsETkXuB5bW3q/rxQqQzefoISlZAFj4s8qosKSnNyg==; nsit=CDOdkMhgRlxMF12HnRzsqgdu; nseQuoteSymbols=[{"symbol":"NIFTY","identifier":"OPTIDXNIFTY08-08-2024PE24700.00","type":"equity"}]; nseappid=eyJhbGciOiJIUzI1NiIsInR5cCI6IkpXVCJ9.eyJpc3MiOiJhcGkubnNlIiwiYXVkIjoiYXBpLm5zZSIsImlhdCI6MTcyMjc2OTI0MywiZXhwIjoxNzIyNzc2NDQzfQ.GP09QlkPst8kMGIhQKHuy2jbLWH4rE5abau4fw02ID4; bm_sz=DE65FA929BC350ECAC6D8F1F1BE2F694~YAAQgbYRYBAPrweRAQAAUoAMHRiNN4lsZF8X01ldwBZDFip8daDiRKMMBc9zpyRcQcVbpLW/s/ccnoe6KwzgJ+wZJFZtOsp2bjQAmwkxgfX5JNyQYMQtEZPLbNQVhx77WBVmoE1SJRvSnRzG2+05HRvx0QtqA/8x28hWzrfW1gXr4jkPowCOUNTln1VgroAHD+tKnnAEFbdJ/V+VOW4LiCLbe8xlx1MltKQ7ECjqpC2Y89B5L80ZH4FcBHLqGBmf683SFfyK4ccr8cFl2avN4xPyMgvsQ4MnVgcHppSRQ/CXrTg8U+hWVd4E9SRn98CTe+KcQYl/nLyvZ8TnWZ7Ft8EbNYIaD0D+wqdNFM73q8KbUZXs//Ch1yDiFOpiaXLo6zdW3aBq2z8bsZJKuVLN4FJ0okcRCwXQIADEY/Vglgp2Dc+A0EbPwzTFDRN3JBp6Gp12fB/I5aAlzP+Bu51aeXGAhmhhrBlz9YdpuHi/7JD75HrllImEgPL1ZBVfwhjW7OZl/FtXp6lHrHJVISG5ymxxovB177TrosZHwlgV+9S+Sw==~4600643~3556420; _ga_87M7PJ3R97=GS1.1.1722767513.40.1.1722769246.58.0.0; RT="z=1&dm=nseindia.com&si=77caf0ce-9900-409d-89e9-ff0383678b2f&ss=lzfgbs39&sl=0&se=8c&tt=0&bcn=%2F%2F684d0d4a.akstat.io%2F&ld=f6jl&nu=o0qpsglo&cl=fkf"; _abck=CD13359D152E162C435086B82BC350CB~0~YAAQgbYRYMIXrweRAQAAXcsMHQyr/sM1p/jvGB1q2koc3cllPvpJPvmnQPtfPJg8xJyrQpNlB6qUILI+X8LUapwLpNPY7GXPPE6emBM2Kttq6DGHGj9DVBIdqugF3JmjMJdVeo87Tl6hvKfBQY6fQkaLRq3d3wlm3T7epe+oX1AVKV6BYHTuCM2JWDvYZOdnnJY81lHFF7gIhezpdFyT8OdBEWLSjMec75mxDU8ntZuEsxp2FFzqP+uwtcVx/V2mcnSIJZNFbMs3mv0qqBDxoA4pbxJhSzUsbIzPZy16P4W0q4gnbGzvnWACxmxci8PhoRISbRN5/BXVhSMUINJvxF0234Kxx1xtt7sbdFstx2unYfU8/RdcUXT8yyhZxpgR~-1~-1~-1; bm_sv=F4E946A45F732C5E357AB8FBF6520532~YAAQgbYRYMMXrweRAQAAXcsMHRgzoSKTVehEQ2gMj92XWSijJpZt/woL09BY7KFKA90mjleCMkY+H1Z/kzjIY9ZoxoqEKPvmBqwn4PPzsXDGdNt59W2Y1FbU/fDVao1V2Jo9MqAQYoQ1t4B/xD7+UbNEmeP/WM10sJffYclMaiNuHHDZwyIbZqUrUuEtSebeqYl+BfQdIKyJSkPbKMlNvaLYR0f2d2GLo9vEiMtiNJTEAkzqUyz1nWONB313CtlbeAYrNg==~1

Sheet Data Dump
B1: OI | C1: CHNG IN OI | D1: VOLUME | E1: IV | F1: LTP | G1: CHNG | H1: BID QTY | I1: BID | J1: ASK | K1: ASK QTY | L1: STRIKE | M1: BID QTY | N1: BID | O1: ASK | P1: ASK QTY | Q1: CHNG | R1: LTP | S1: IV | T1: VOLUME | U1: CHNG IN OI | V1: OI
B2: =INDEX('abcd (2)'!B:B,MATCH(L2,'abcd (2)'!L:L,0)) -> #N/A | C2: =INDEX('abcd (2)'!C:C,MATCH(L2,'abcd (2)'!L:L,0)) -> #N/A | D2: =INDEX('abcd (2)'!D:D,MATCH(L2,'abcd (2)'!L:L,0)) -> #N/A | E2: =INDEX('abcd (2)'!E:E,MATCH(L2,'abcd (2)'!L:L,0)) -> #N/A | L2: =L3-50 -> 24350 | S2: =INDEX('abcd (2)'!S:S,MATCH(L2,'abcd (2)'!L:L,0)) -> #N/A | T2: =INDEX('abcd (2)'!T:T,MATCH(L2,'abcd (2)'!L:L,0)) -> #N/A | U2: =INDEX('abcd (2)'!U:U,MATCH(L2,'abcd (2)'!L:L,0)) -> #N/A | V2: =INDEX('abcd (2)'!V:V,MATCH(L2,'abcd (2)'!L:L,0)) -> #N/A
B3: =INDEX('abcd (2)'!B:B,MATCH(L3,'abcd (2)'!L:L,0)) -> #N/A | C3: =INDEX('abcd (2)'!C:C,MATCH(L3,'abcd (2)'!L:L,0)) -> #N/A | D3: =INDEX('abcd (2)'!D:D,MATCH(L3,'abcd (2)'!L:L,0)) -> #N/A | E3: =INDEX('abcd (2)'!E:E,MATCH(L3,'abcd (2)'!L:L,0)) -> #N/A | L3: =L4-50 -> 24400 | S3: =INDEX('abcd (2)'!S:S,MATCH(L3,'abcd (2)'!L:L,0)) -> #N/A | T3: =INDEX('abcd (2)'!T:T,MATCH(L3,'abcd (2)'!L:L,0)) -> #N/A | U3: =INDEX('abcd (2)'!U:U,MATCH(L3,'abcd (2)'!L:L,0)) -> #N/A | V3: =INDEX('abcd (2)'!V:V,MATCH(L3,'abcd (2)'!L:L,0)) -> #N/A
B4: =INDEX('abcd (2)'!B:B,MATCH(L4,'abcd (2)'!L:L,0)) -> #N/A | C4: =INDEX('abcd (2)'!C:C,MATCH(L4,'abcd (2)'!L:L,0)) -> #N/A | D4: =INDEX('abcd (2)'!D:D,MATCH(L4,'abcd (2)'!L:L,0)) -> #N/A | E4: =INDEX('abcd (2)'!E:E,MATCH(L4,'abcd (2)'!L:L,0)) -> #N/A | L4: =L5-50 -> 24450 | S4: =INDEX('abcd (2)'!S:S,MATCH(L4,'abcd (2)'!L:L,0)) -> #N/A | T4: =INDEX('abcd (2)'!T:T,MATCH(L4,'abcd (2)'!L:L,0)) -> #N/A | U4: =INDEX('abcd (2)'!U:U,MATCH(L4,'abcd (2)'!L:L,0)) -> #N/A | V4: =INDEX('abcd (2)'!V:V,MATCH(L4,'abcd (2)'!L:L,0)) -> #N/A
B5: =INDEX('abcd (2)'!B:B,MATCH(L5,'abcd (2)'!L:L,0)) -> #N/A | C5: =INDEX('abcd (2)'!C:C,MATCH(L5,'abcd (2)'!L:L,0)) -> #N/A | D5: =INDEX('abcd (2)'!D:D,MATCH(L5,'abcd (2)'!L:L,0)) -> #N/A | E5: =INDEX('abcd (2)'!E:E,MATCH(L5,'abcd (2)'!L:L,0)) -> #N/A | L5: =L6-50 -> 24500 | S5: =INDEX('abcd (2)'!S:S,MATCH(L5,'abcd (2)'!L:L,0)) -> #N/A | T5: =INDEX('abcd (2)'!T:T,MATCH(L5,'abcd (2)'!L:L,0)) -> #N/A | U5: =INDEX('abcd (2)'!U:U,MATCH(L5,'abcd (2)'!L:L,0)) -> #N/A | V5: =INDEX('abcd (2)'!V:V,MATCH(L5,'abcd (2)'!L:L,0)) -> #N/A
B6: =INDEX('abcd (2)'!B:B,MATCH(L6,'abcd (2)'!L:L,0)) -> #N/A | C6: =INDEX('abcd (2)'!C:C,MATCH(L6,'abcd (2)'!L:L,0)) -> #N/A | D6: =INDEX('abcd (2)'!D:D,MATCH(L6,'abcd (2)'!L:L,0)) -> #N/A | E6: =INDEX('abcd (2)'!E:E,MATCH(L6,'abcd (2)'!L:L,0)) -> #N/A | L6: =Entry!A2 -> 24550 | S6: =INDEX('abcd (2)'!S:S,MATCH(L6,'abcd (2)'!L:L,0)) -> #N/A | T6: =INDEX('abcd (2)'!T:T,MATCH(L6,'abcd (2)'!L:L,0)) -> #N/A | U6: =INDEX('abcd (2)'!U:U,MATCH(L6,'abcd (2)'!L:L,0)) -> #N/A | V6: =INDEX('abcd (2)'!V:V,MATCH(L6,'abcd (2)'!L:L,0)) -> #N/A
B7: =INDEX('abcd (2)'!B:B,MATCH(L7,'abcd (2)'!L:L,0)) -> #N/A | C7: =INDEX('abcd (2)'!C:C,MATCH(L7,'abcd (2)'!L:L,0)) -> #N/A | D7: =INDEX('abcd (2)'!D:D,MATCH(L7,'abcd (2)'!L:L,0)) -> #N/A | E7: =INDEX('abcd (2)'!E:E,MATCH(L7,'abcd (2)'!L:L,0)) -> #N/A | L7: =L6+50 -> 24600 | S7: =INDEX('abcd (2)'!S:S,MATCH(L7,'abcd (2)'!L:L,0)) -> #N/A | T7: =INDEX('abcd (2)'!T:T,MATCH(L7,'abcd (2)'!L:L,0)) -> #N/A | U7: =INDEX('abcd (2)'!U:U,MATCH(L7,'abcd (2)'!L:L,0)) -> #N/A | V7: =INDEX('abcd (2)'!V:V,MATCH(L7,'abcd (2)'!L:L,0)) -> #N/A
B8: =INDEX('abcd (2)'!B:B,MATCH(L8,'abcd (2)'!L:L,0)) -> #N/A | C8: =INDEX('abcd (2)'!C:C,MATCH(L8,'abcd (2)'!L:L,0)) -> #N/A | D8: =INDEX('abcd (2)'!D:D,MATCH(L8,'abcd (2)'!L:L,0)) -> #N/A | E8: =INDEX('abcd (2)'!E:E,MATCH(L8,'abcd (2)'!L:L,0)) -> #N/A | L8: =L7+50 -> 24650 | S8: =INDEX('abcd (2)'!S:S,MATCH(L8,'abcd (2)'!L:L,0)) -> #N/A | T8: =INDEX('abcd (2)'!T:T,MATCH(L8,'abcd (2)'!L:L,0)) -> #N/A | U8: =INDEX('abcd (2)'!U:U,MATCH(L8,'abcd (2)'!L:L,0)) -> #N/A | V8: =INDEX('abcd (2)'!V:V,MATCH(L8,'abcd (2)'!L:L,0)) -> #N/A
B9: =INDEX('abcd (2)'!B:B,MATCH(L9,'abcd (2)'!L:L,0)) -> #N/A | C9: =INDEX('abcd (2)'!C:C,MATCH(L9,'abcd (2)'!L:L,0)) -> #N/A | D9: =INDEX('abcd (2)'!D:D,MATCH(L9,'abcd (2)'!L:L,0)) -> #N/A | E9: =INDEX('abcd (2)'!E:E,MATCH(L9,'abcd (2)'!L:L,0)) -> #N/A | L9: =L8+50 -> 24700 | S9: =INDEX('abcd (2)'!S:S,MATCH(L9,'abcd (2)'!L:L,0)) -> #N/A | T9: =INDEX('abcd (2)'!T:T,MATCH(L9,'abcd (2)'!L:L,0)) -> #N/A | U9: =INDEX('abcd (2)'!U:U,MATCH(L9,'abcd (2)'!L:L,0)) -> #N/A | V9: =INDEX('abcd (2)'!V:V,MATCH(L9,'abcd (2)'!L:L,0)) -> #N/A
B10: =INDEX('abcd (2)'!B:B,MATCH(L10,'abcd (2)'!L:L,0)) -> #N/A | C10: =INDEX('abcd (2)'!C:C,MATCH(L10,'abcd (2)'!L:L,0)) -> #N/A | D10: =INDEX('abcd (2)'!D:D,MATCH(L10,'abcd (2)'!L:L,0)) -> #N/A | E10: =INDEX('abcd (2)'!E:E,MATCH(L10,'abcd (2)'!L:L,0)) -> #N/A | L10: =L9+50 -> 24750 | S10: =INDEX('abcd (2)'!S:S,MATCH(L10,'abcd (2)'!L:L,0)) -> #N/A | T10: =INDEX('abcd (2)'!T:T,MATCH(L10,'abcd (2)'!L:L,0)) -> #N/A | U10: =INDEX('abcd (2)'!U:U,MATCH(L10,'abcd (2)'!L:L,0)) -> #N/A | V10: =INDEX('abcd (2)'!V:V,MATCH(L10,'abcd (2)'!L:L,0)) -> #N/A
B11: =INDEX('abcd (2)'!B:B,MATCH(L11,'abcd (2)'!L:L,0)) -> #N/A | C11: =INDEX('abcd (2)'!C:C,MATCH(L11,'abcd (2)'!L:L,0)) -> #N/A | D11: =INDEX('abcd (2)'!D:D,MATCH(L11,'abcd (2)'!L:L,0)) -> #N/A | E11: =INDEX('abcd (2)'!E:E,MATCH(L11,'abcd (2)'!L:L,0)) -> #N/A | L11: =L10+50 -> 24800 | S11: =INDEX('abcd (2)'!S:S,MATCH(L11,'abcd (2)'!L:L,0)) -> #N/A | T11: =INDEX('abcd (2)'!T:T,MATCH(L11,'abcd (2)'!L:L,0)) -> #N/A | U11: =INDEX('abcd (2)'!U:U,MATCH(L11,'abcd (2)'!L:L,0)) -> #N/A | V11: =INDEX('abcd (2)'!V:V,MATCH(L11,'abcd (2)'!L:L,0)) -> #N/A

Sheet abcd (2)
A1: Column1 | B1: Column2 | C1: Column3 | D1: Column4 | E1: Column5 | F1: Column6 | G1: Column7 | H1: Column8 | I1: Column9 | J1: Column10 | K1: Column11 | L1: Column12 | M1: Column13 | N1: Column14 | O1: Column15 | P1: Column16 | Q1: Column17 | R1: Column18 | S1: Column19 | T1: Column20 | U1: Column21 | V1: Column22 | W1: Column23
A2: CALLS
F3: LTP | G3: CHNG | H3: BID QTY | I3: BID | J3: ASK | K3: ASK QTY | M3: BID QTY | N3: BID | O3: ASK | P3: ASK QTY | Q3: CHNG | R3: LTP

Sheet Data
A1: S.no | B1: Variable | C1: Index | D1: OI | E1: CHNG IN OI | F1: VOLUME | G1: IV | H1: LTP | I1: CHNG | J1: BID QTY | K1: BID | L1: ASK | M1: ASK QTY | N1: STRIKE | O1: BID QTY | P1: BID | Q1: ASK | R1: ASK QTY | S1: CHNG | T1: LTP | U1: IV | V1: VOLUME | W1: CHNG IN OI | X1: OI
A2: 1 | B2: 1 | C2: =B2*N2 -> 24350 | N2: 24350
A3: 2 | B3: 1 | C3: =B3*N3 -> 24400 | N3: 24400
A4: 3 | B4: 1 | C4: =B4*N4 -> 24450 | N4: 24450
A5: 4 | B5: 1 | C5: =B5*N5 -> 24500 | N5: 24500
A6: 5 | B6: 1 | C6: =B6*N6 -> 24550 | N6: 24550
A7: 6 | B7: 1 | C7: =B7*N7 -> 24600 | N7: 24600
A8: 7 | B8: 1 | C8: =B8*N8 -> 24650 | N8: 24650
A9: 8 | B9: 1 | C9: =B9*N9 -> 24700 | N9: 24700
A10: 9 | B10: 1 | C10: =B10*N10 -> 24750 | N10: 24750
A11: 10 | B11: 1 | C11: =B11*N11 -> 24800 | N11: 24800
A12: 11 | B12: =B2+1 -> 2 | C12: =B12*N12 -> 48700 | D12: 15825 | E12: -16163 | F12: 1345543 | G12: 0 | N12: 24350 | U12: 7.12 | V12: 7462872 | W12: 89389 | X12: 121371
A13: 12 | B13: =B3+1 -> 2 | C13: =B13*N13 -> 48800 | D13: 36079 | E13: -44969 | F13: 4720580 | G13: 0 | N13: 24400 | U13: 5.86 | V13: 15002804 | W13: 187195 | X13: 231646
A14: 13 | B14: =B4+1 -> 2 | C14: =B14*N14 -> 48900 | D14: 48946 | E14: 801 | F14: 6870743 | G14: 0 | N14: 24450 | U14: 4.69 | V14: 17294893 | W14: 216164 | X14: 230107
A15: 14 | B15: =B5+1 -> 2 | C15: =B15*N15 -> 49000 | D15: 133194 | E15: 23461 | F15: 20522877 | G15: 0 | N15: 24500 | U15: 4.36 | V15: 33135484 | W15: 435641 | X15: 462259
A16: 15 | B16: =B6+1 -> 2 | C16: =B16*N16 -> 49100 | D16: 308880 | E16: 274161 | F16: 32034600 | G16: 1 | N16: 24550 | U16: 4.59 | V16: 32346079 | W16: 745195 | X16: 747707
A17: 16 | B17: =B7+1 -> 2 | C17: =B17*N17 -> 49200 | D17: 601666 | E17: 510348 | F17: 39461918 | G17: 3 | N17: 24600 | U17: 6.49 | V17: 13308130 | W17: 254875 | X17: 259097
A18: 17 | B18: =B8+1 -> 2 | C18: =B18*N18 -> 49300 | D18: 204169 | E18: 166368 | F18: 19092288 | G18: 4 | N18: 24650 | U18: 9.3 | V18: 2525480 | W18: 49897 | X18: 50775
A19: 18 | B19: =B9+1 -> 2 | C19: =B19*N19 -> 49400 | D19: 186179 | E19: 121269 | F19: 11454703 | G19: 5 | N19: 24700 | U19: 12.01 | V19: 1429013 | W19: 21668 | X19: 25535
A20: 19 | B20: =B10+1 -> 2 | C20: =B20*N20 -> 49500 | D20: 117763 | E20: 82375 | F20: 5136366 | G20: 6 | N20: 24750 | U20: 14.6 | V20: 299292 | W20: 5103 | X20: 5719
A21: 20 | B21: =B11+1 -> 2 | C21: =B21*N21 -> 49600 | D21: 194539 | E21: 87458 | F21: 4155609 | G21: 7 | N21: 24800 | U21: 16.9 | V21: 215868 | W21: 5207 | X21: 6615
A22: 21 | B22: =B12+1 -> 3 | C22: =B22*N22 -> 73050 | D22: 16367 | E22: -15621 | F22: 1340486 | G22: 0 | N22: 24350 | U22: 7.12 | V22: 7414945 | W22: 90652 | X22: 122634
A23: 22 | B23: =B13+1 -> 3 | C23: =B23*N23 -> 73200 | D23: 42008 | E23: -39040 | F23: 4696028 | G23: 0 | N23: 24400 | U23: 5.96 | V23: 14907266 | W23: 209193 | X23: 253644
... A161: 160 | B161: =B151+1 -> 16 | C161: =B161*N161 -> 396000 | D161: 137109 | E161: 101721 | F161: 4526111 | G161: 6 | N161: 24750 | U161: 14.23 | V161: 211659 | W161: 5061 | X161: 5677
D162: 29586 | E162: -21237 | F162: 1130239 | G162: 0 | N162: 24300 | U162: 9.79 | V162: 6526717 | W162: 152100 | X162: 240200
D163: 23624 | E163: -8364 | F163: 1244202 | G163: 0 | N163: 24350 | U163: 8.63 | V163: 6658688 | W163: 151562 | X163: 183544
D164: 74770 | E164: -6278 | F164: 4251683 | G164: 0 | N164: 24400 | U164: 7.92 | V164: 12811802 | W164: 395588 | X164: 440039
D165: 105908 | E165: 57763 | F165: 6047365 | G165: 0 | N165: 24450 | U165: 7.25 | V165: 13462207 | W165: 434515 | X165: 448458
D166: 348861 | E166: 239128 | F166: 16350791 | G166: 0 | N166: 24500 | U166: 7.38 | V166: 22266015 | W166: 791031 | X166: 817649
D167: 557002 | E167: 522283 | F167: 19041055 | G167: 1 | N167: 24550 | U167: 8.32 | V167: 13671438 | W167: 361541 | X167: 364053
D168: 568771 | E168: 477453 | F168: 20176872 | G168: 3 | N168: 24600 | U168: 10.59 | V168: 6568440 | W168: 165571 | X168: 169793
D169: 233545 | E169: 195744 | F169: 12944091 | G169: 4 | N169: 24650 | U169: 13.73 | V169: 1462888 | W169: 29279 | X169: 30157
D170: 235170 | E170: 170260 | F170: 9492930 | G170: 5 | N170: 24700 | U170: 16.94 | V170: 1006560 | W170: 23704 | X170: 27571
D171: 136499 | E171: 101111 | F171: 4490175 | G171: 6 | N171: 24750 | U171: 19.36 | V171: 207107 | W171: 5006 | X171: 5622

Sheet Info
A1: =Entry!$A$2-200 -> 24350 | B1: Call OI | C1: Put OI | D1: Change Call | E1: Change Put | F1: PCR | G1: Change PCR | H1: =Entry!$A$2-150 -> 24400 | I1: Call OI | J1: Put OI | K1: Change Call | L1: Change Put | M1: PCR | N1: Change PCR | O1: =Entry!$A$2-100 -> 24450 | P1: Call OI | Q1: Put OI | R1: Change Call | S1: Change Put | T1: PCR | U1: Change PCR | V1: =Entry!$A$2-50 -> 24500 | W1: Call OI | X1: Put OI | Y1: Change Call | Z1: Change Put | AA1: PCR | AB1: Change PCR | AC1: =Entry!$A$2 -> 24550 | AD1: Call OI | AE1: Put OI | AF1: Change Call | AG1: Change Put | AH1: PCR | AI1: Change PCR
A2: 1 | B2: =IF(ISNUMBER(VLOOKUP($A$1*A2,Data!$C$1:$D$81,2,FALSE)*25)=TRUE,VLOOKUP($A$1*A2,Data!$C$1:$D$81,2,FALSE)*25,0) -> 0 | C2: =IF(ISNUMBER(VLOOKUP($A$1*A2,Data!$C$1:$X$81,22,FALSE)*25)=TRUE,VLOOKUP($A$1*A2,Data!$C$1:$X$81,22,FALSE)*25,0) -> 0 | D2: =IF(ISNUMBER(VLOOKUP($A$1*A2,Data!$C$1:$X$81,3,FALSE)*25)=TRUE,VLOOKUP($A$1*A2,Data!$C$1:$X$81,3,FALSE)*25,0) -> 0 | E2: =IF(ISNUMBER(VLOOKUP($A$1*A2,Data!$C$1:$X$81,21,FALSE)*25)=TRUE,VLOOKUP($A$1*A2,Data!$C$1:$X$81,21,FALSE)*25,0) -> 0 | F2: =C2/B2 -> #DIV/0! | G2: =IF(E2<0, IF(D2<0,D2/E2,-10),IF(D2<0,10,E2/D2)) -> #DIV/0! | H2: 1 | I2: =IF(ISNUMBER(VLOOKUP($H$1*H2,Data!$C$1:$D$81,2,FALSE)*25)=TRUE,VLOOKUP($H$1*H2,Data!$C$1:$D$81,2,FALSE)*25,0) -> 0 | J2: =IF(ISNUMBER(VLOOKUP($H$1*H2,Data!$C$1:$X$81,22,FALSE)*25)=TRUE,VLOOKUP($H$1*H2,Data!$C$1:$X$81,22,FALSE)*25,0) -> 0 | K2: =IF(ISNUMBER(VLOOKUP($H$1*H2,Data!$C$1:$X$81,3,FALSE)*25)=TRUE,VLOOKUP($H$1*H2,Data!$C$1:$X$81,3,FALSE)*25,0) -> 0 | L2: =IF(ISNUMBER(VLOOKUP($H$1*H2,Data!$C$1:$X$81,21,FALSE)*25)=TRUE,VLOOKUP($H$1*H2,Data!$C$1:$X$81,21,FALSE)*25,0) -> 0 | M2: =J2/I2 -> #DIV/0! | N2: =IF(L2<0, IF(K2<0,K2/L2,-10),IF(K2<0,10,L2/K2)) -> #DIV/0! | O2: 1 | P2: =IF(ISNUMBER(VLOOKUP($O$1*O2,Data!$C$1:$D$81,2,FALSE)*25)=TRUE,VLOOKUP($O$1*O2,Data!$C$1:$D$81,2,FALSE)*25,0) -> 0 | Q2: =IF(ISNUMBER(VLOOKUP($O$1*O2,Data!$C$1:$X$81,22,FALSE)*25)=TRUE,VLOOKUP($O$1*O2,Data!$C$1:$X$81,22,FALSE)*25,0) -> 0 | R2: =IF(ISNUMBER(VLOOKUP($O$1*O2,Data!$C$1:$X$81,3,FALSE)*25)=TRUE,VLOOKUP($O$1*O2,Data!$C$1:$X$81,3,FALSE)*25,0) -> 0 | S2: =IF(ISNUMBER(VLOOKUP($O$1*O2,Data!$C$1:$X$81,21,FALSE)*25)=TRUE,VLOOKUP($O$1*O2,Data!$C$1:$X$81,21,FALSE)*25,0) -> 0 | T2: =Q2/P2 -> #DIV/0! | U2: =IF(S2<0, IF(R2<0,R2/S2,-10),IF(R2<0,10,S2/R2)) -> #DIV/0! | V2: 1 | W2: =IF(ISNUMBER(VLOOKUP($V$1*V2,Data!$C$1:$D$81,2,FALSE)*25)=TRUE,VLOOKUP($V$1*V2,Data!$C$1:$D$81,2,FALSE)*25,0) -> 0 | X2: =IF(ISNUMBER(VLOOKUP($V$1*V2,Data!$C$1:$X$81,22,FALSE)*25)=TRUE,VLOOKUP($V$1*V2,Data!$C$1:$X$81,22,FALSE)*25,0) -> 0 | Y2: =IF(ISNUMBER(VLOOKUP($V$1*V2,Data!$C$1:$X$81,3,FALSE)*25)=TRUE,VLOOKUP($V$1*V2,Data!$C$1:$X$81,3,FALSE)*25,0) -> 0 | Z2: =IF(ISNUMBER(VLOOKUP($V$1*V2,Data!$C$1:$X$81,21,FALSE)*25)=TRUE,VLOOKUP($V$1*V2,Data!$C$1:$X$81,21,FALSE)*25,0) -> 0 | AA2: =X2/W2 -> #DIV/0! | AB2: =IF(Z2<0, IF(Y2<0,Y2/Z2,-10),IF(Y2<0,10,Z2/Y2)) -> #DIV/0! | AC2: 1 | AD2: =IF(ISNUMBER(VLOOKUP($AC$1*AC2,Data!$C$1:$D$161,2,FALSE)*25)=TRUE,VLOOKUP($AC$1*AC2,Data!$C$1:$D$161,2,FALSE)*25,0) -> 0 | AE2: =IF(ISNUMBER(VLOOKUP($AC$1*AC2,Data!$C$1:$X$161,22,FALSE)*25)=TRUE,VLOOKUP($AC$1*AC2,Data!$C$1:$X$161,22,FALSE)*25,0) -> 0 | AF2: =IF(ISNUMBER(VLOOKUP($AC$1*AC2,Data!$C$1:$X$161,3,FALSE)*25)=TRUE,VLOOKUP($AC$1*AC2,Data!$C$1:$X$161,3,FALSE)*25,0) -> 0 | AG2: =IF(ISNUMBER(VLOOKUP($AC$1*AC2,Data!$C$1:$X$161,21,FALSE)*25)=TRUE,VLOOKUP($AC$1*AC2,Data!$C$1:$X$161,21,FALSE)*25,0) -> 0 | AH2: =AE2/AD2 -> #DIV/0! | AI2: =IF(AG2<0, IF(AF2<0,AF2/AG2,-10),IF(AF2<0,10,AG2/AF2)) -> #DIV/0!
A3: 2 | B3: =IF(ISNUMBER(VLOOKUP($A$1*A3,Data!$C$1:$D$81,2,FALSE)*25)=TRUE,VLOOKUP($A$1*A3,Data!$C$1:$D$81,2,FALSE)*25,0) -> 395625 | C3: =IF(ISNUMBER(VLOOKUP($A$1*A3,Data!$C$1:$X$81,22,FALSE)*25)=TRUE,VLOOKUP($A$1*A3,Data!$C$1:$X$81,22,FALSE)*25,0) -> 3034275 | D3: =IF(ISNUMBER(VLOOKUP($A$1*A3,Data!$C$1:$X$81,3,FALSE)*25)=TRUE,VLOOKUP($A$1*A3,Data!$C$1:$X$81,3,FALSE)*25,0) -> -404075 | E3: =IF(ISNUMBER(VLOOKUP($A$1*A3,Data!$C$1:$X$81,21,FALSE)*25)=TRUE,VLOOKUP($A$1*A3,Data!$C$1:$X$81,21,FALSE)*25,0) -> 2234725 | F3: =C3/B3 -> 7.6695735 | G3: =IF(E3<0, IF(D3<0,D3/E3,-10),IF(D3<0,10,E3/D3)) -> 10 | H3: 2 | I3: =IF(ISNUMBER(VLOOKUP($H$1*H3,Data!$C$1:$D$81,2,FALSE)*25)=TRUE,VLOOKUP($H$1*H3,Data!$C$1:$D$81,2,FALSE)*25,0) -> 901975 | J3: =IF(ISNUMBER(VLOOKUP($H$1*H3,Data!$C$1:$X$81,22,FALSE)*25)=TRUE,VLOOKUP($H$1*H3,Data!$C$1:$X$81,22,FALSE)*25,0) -> 5791150 | K3: =IF(ISNUMBER(VLOOKUP($H$1*H3,Data!$C$1:$X$81,3,FALSE)*25)=TRUE,VLOOKUP($H$1*H3,Data!$C$1:$X$81,3,FALSE)*25,0) -> -1124225 | L3: =IF(ISNUMBER(VLOOKUP($H$1*H3,Data!$C$1:$X$81,21,FALSE)*25)=TRUE,VLOOKUP($H$1*H3,Data!$C$1:$X$81,21,FALSE)*25,0) -> 4679875 | M3: =J3/I3 -> 6.4205216 | N3: =IF(L3<0, IF(K3<0,K3/L3,-10),IF(K3<0,10,L3/K3)) -> 10 | O3: 2 | P3: =IF(ISNUMBER(VLOOKUP($O$1*O3,Data!$C$1:$D$81,2,FALSE)*25)=TRUE,VLOOKUP($O$1*O3,Data!$C$1:$D$81,2,FALSE)*25,0) -> 1223650 | Q3: =IF(ISNUMBER(VLOOKUP($O$1*O3,Data!$C$1:$X$81,22,FALSE)*25)=TRUE,VLOOKUP($O$1*O3,Data!$C$1:$X$81,22,FALSE)*25,0) -> 5752675 | R3: =IF(ISNUMBER(VLOOKUP($O$1*O3,Data!$C$1:$X$81,3,FALSE)*25)=TRUE,VLOOKUP($O$1*O3,Data!$C$1:$X$81,3,FALSE)*25,0) -> 20025 | S3: =IF(ISNUMBER(VLOOKUP($O$1*O3,Data!$C$1:$X$81,21,FALSE)*25)=TRUE,VLOOKUP($O$1*O3,Data!$C$1:$X$81,21,FALSE)*25,0) -> 5404100 | T3: =Q3/P3 -> 4.7012422 | U3: =IF(S3<0, IF(R3<0,R3/S3,-10),IF(R3<0,10,S3/R3)) -> 269.86767 | V3: 2 | W3: =IF(ISNUMBER(VLOOKUP($V$1*V3,Data!$C$1:$D$81,2,FALSE)*25)=TRUE,VLOOKUP($V$1*V3,Data!$C$1:$D$81,2,FALSE)*25,0) -> 3329850 | X3: =IF(ISNUMBER(VLOOKUP($V$1*V3,Data!$C$1:$X$81,22,FALSE)*25)=TRUE,VLOOKUP($V$1*V3,Data!$C$1:$X$81,22,FALSE)*25,0) -> 11556475 | Y3: =IF(ISNUMBER(VLOOKUP($V$1*V3,Data!$C$1:$X$81,3,FALSE)*25)=TRUE,VLOOKUP($V$1*V3,Data!$C$1:$X$81,3,FALSE)*25,0) -> 586525 | Z3: =IF(ISNUMBER(VLOOKUP($V$1*V3,Data!$C$1:$X$81,21,FALSE)*25)=TRUE,VLOOKUP($V$1*V3,Data!$C$1:$X$81,21,FALSE)*25,0) -> 10891025 | AA3: =X3/W3 -> 3.4705692 | AB3: =IF(Z3<0, IF(Y3<0,Y3/Z3,-10),IF(Y3<0,10,Z3/Y3)) -> 18.568731 | AC3: 2 | AD3: =IF(ISNUMBER(VLOOKUP($AC$1*AC3,Data!$C$1:$D$161,2,FALSE)*25)=TRUE,VLOOKUP($AC$1*AC3,Data!$C$1:$D$161,2,FALSE)*25,0) -> 7722000 | AE3: =IF(ISNUMBER(VLOOKUP($AC$1*AC3,Data!$C$1:$X$161,22,FALSE)*25)=TRUE,VLOOKUP($AC$1*AC3,Data!$C$1:$X$161,22,FALSE)*25,0) -> 18692675 | AF3: =IF(ISNUMBER(VLOOKUP($AC$1*AC3,Data!$C$1:$X$161,3,FALSE)*25)=TRUE,VLOOKUP($AC$1*AC3,Data!$C$1:$X$161,3,FALSE)*25,0) -> 6854025 | AG3: =IF(ISNUMBER(VLOOKUP($AC$1*AC3,Data!$C$1:$X$161,21,FALSE)*25)=TRUE,VLOOKUP($AC$1*AC3,Data!$C$1:$X$161,21,FALSE)*25,0) -> 18629875 | AH3: =AE3/AD3 -> 2.4207038 | AI3: =IF(AG3<0, IF(AF3<0,AF3/AG3,-10),IF(AF3<0,10,AG3/AF3)) -> 2.7180927
A4: 3 | B4: =IF(ISNUMBER(VLOOKUP($A$1*A4,Data!$C$1:$D$81,2,FALSE)*25)=TRUE,VLOOKUP($A$1*A4,Data!$C$1:$D$81,2,FALSE)*25,0) -> 409175 | C4: =IF(ISNUMBER(VLOOKUP($A$1*A4,Data!$C$1:$X$81,22,FALSE)*25)=TRUE,VLOOKUP($A$1*A4,Data!$C$1:$X$81,22,FALSE)*25,0) -> 3065850 | D4: =IF(ISNUMBER(VLOOKUP($A$1*A4,Data!$C$1:$X$81,3,FALSE)*25)=TRUE,VLOOKUP($A$1*A4,Data!$C$1:$X$81,3,FALSE)*25,0) -> -390525 | E4: =IF(ISNUMBER(VLOOKUP($A$1*A4,Data!$C$1:$X$81,21,FALSE)*25)=TRUE,VLOOKUP($A$1*A4,Data!$C$1:$X$81,21,FALSE)*25,0) -> 2266300 | F4: =C4/B4 -> 7.4927598 | G4: =IF(E4<0, IF(D4<0,D4/E4,-10),IF(D4<0,10,E4/D4)) -> 10 | H4: 3 | I4: =IF(ISNUMBER(VLOOKUP($H$1*H4,Data!$C$1:$D$81,2,FALSE)*25)=TRUE,VLOOKUP($H$1*H4,Data!$C$1:$D$81,2,FALSE)*25,0) -> 1050200 | J4: =IF(ISNUMBER(VLOOKUP($H$1*H4,Data!$C$1:$X$81,22,FALSE)*25)=TRUE,VLOOKUP($H$1*H4,Data!$C$1:$X$81,22,FALSE)*25,0) -> 6341100 | K4: =IF(ISNUMBER(VLOOKUP($H$1*H4,Data!$C$1:$X$81,3,FALSE)*25)=TRUE,VLOOKUP($H$1*H4,Data!$C$1:$X$81,3,FALSE)*25,0) -> -976000 | L4: =IF(ISNUMBER(VLOOKUP($H$1*H4,Data!$C$1:$X$81,21,FALSE)*25)=TRUE,VLOOKUP($H$1*H4,Data!$C$1:$X$81,21,FALSE)*25,0) -> 5229825 | M4: =J4/I4 -> 6.0379928 | N4: =IF(L4<0, IF(K4<0,K4/L4,-10),IF(K4<0,10,L4/K4)) -> 10 | O4: 3 | P4: =IF(ISNUMBER(VLOOKUP($O$1*O4,Data!$C$1:$D$81,2,FALSE)*25)=TRUE,VLOOKUP($O$1*O4,Data!$C$1:$D$81,2,FALSE)*25,0) -> 1406325 | Q4: =IF(ISNUMBER(VLOOKUP($O$1*O4,Data!$C$1:$X$81,22,FALSE)*25)=TRUE,VLOOKUP($O$1*O4,Data!$C$1:$X$81,22,FALSE)*25,0) -> 6036475 | R4: =IF(ISNUMBER(VLOOKUP($O$1*O4,Data!$C$1:$X$81,3,FALSE)*25)=TRUE,VLOOKUP($O$1*O4,Data!$C$1:$X$81,3,FALSE)*25,0) -> 202700 | S4: =IF(ISNUMBER(VLOOKUP($O$1*O4,Data!$C$1:$X$81,21,FALSE)*25)=TRUE,VLOOKUP($O$1*O4,Data!$C$1:$X$81,21,FALSE)*25,0) -> 5687900 | T4: =Q4/P4 -> 4.2923755 | U4: =IF(S4<0, IF(R4<0,R4/S4,-10),IF(R4<0,10,S4/R4)) -> 28.060681 | V4: 3 | W4: =IF(ISNUMBER(VLOOKUP($V$1*V4,Data!$C$1:$D$81,2,FALSE)*25)=TRUE,VLOOKUP($V$1*V4,Data!$C$1:$D$81,2,FALSE)*25,0) -> 3770000 | X4: =IF(ISNUMBER(VLOOKUP($V$1*V4,Data!$C$1:$X$81,22,FALSE)*25)=TRUE,VLOOKUP($V$1*V4,Data!$C$1:$X$81,22,FALSE)*25,0) -> 13124125 | Y4: =IF(ISNUMBER(VLOOKUP($V$1*V4,Data!$C$1:$X$81,3,FALSE)*25)=TRUE,VLOOKUP($V$1*V4,Data!$C$1:$X$81,3,FALSE)*25,0) -> 1026675 | Z4: =IF(ISNUMBER(VLOOKUP($V$1*V4,Data!$C$1:$X$81,21,FALSE)*25)=TRUE,VLOOKUP($V$1*V4,Data!$C$1:$X$81,21,FALSE)*25,0) -> 12458675 | AA4: =X4/W4 -> 3.4812003 | AB4: =IF(Z4<0, IF(Y4<0,Y4/Z4,-10),IF(Y4<0,10,Z4/Y4)) -> 12.134975 | AC4: 3 | AD4: =IF(ISNUMBER(VLOOKUP($AC$1*AC4,Data!$C$1:$D$161,2,FALSE)*25)=TRUE,VLOOKUP($AC$1*AC4,Data!$C$1:$D$161,2,FALSE)*25,0) -> 8961725 | AE4: =IF(ISNUMBER(VLOOKUP($AC$1*AC4,Data!$C$1:$X$161,22,FALSE)*25)=TRUE,VLOOKUP($AC$1*AC4,Data!$C$1:$X$161,22,FALSE)*25,0) -> 18724275 | AF4: =IF(ISNUMBER(VLOOKUP($AC$1*AC4,Data!$C$1:$X$161,3,FALSE)*25)=TRUE,VLOOKUP($AC$1*AC4,Data!$C$1:$X$161,3,FALSE)*25,0) -> 8093750 | AG4: =IF(ISNUMBER(VLOOKUP($AC$1*AC4,Data!$C$1:$X$161,21,FALSE)*25)=TRUE,VLOOKUP($AC$1*AC4,Data!$C$1:$X$161,21,FALSE)*25,0) -> 18661475 | AH4: =AE4/AD4 -> 2.0893606 | AI4: =IF(AG4<0, IF(AF4<0,AF4/AG4,-10),IF(AF4<0,10,AG4/AF4)) -> 2.3056649
A5: 4 | B5: =IF(ISNUMBER(VLOOKUP($A$1*A5,Data!$C$1:$D$81,2,FALSE)*25)=TRUE,VLOOKUP($A$1*A5,Data!$C$1:$D$81,2,FALSE)*25,0) -> 409175 | C5: =IF(ISNUMBER(VLOOKUP($A$1*A5,Data!$C$1:$X$81,22,FALSE)*25)=TRUE,VLOOKUP($A$1*A5,Data!$C$1:$X$81,22,FALSE)*25,0) -> 3065850 | D5: =IF(ISNUMBER(VLOOKUP($A$1*A5,Data!$C$1:$X$81,3,FALSE)*25)=TRUE,VLOOKUP($A$1*A5,Data!$C$1:$X$81,3,FALSE)*25,0) -> -390525 | E5: =IF(ISNUMBER(VLOOKUP($A$1*A5,Data!$C$1:$X$81,21,FALSE)*25)=TRUE,VLOOKUP($A$1*A5,Data!$C$1:$X$81,21,FALSE)*25,0) -> 2266300 | F5: =C5/B5 -> 7.4927598 | G5: =IF(E5<0, IF(D5<0,D5/E5,-10),IF(D5<0,10,E5/D5)) -> 10 | H5: 4 | I5: =IF(ISNUMBER(VLOOKUP($H$1*H5,Data!$C$1:$D$81,2,FALSE)*25)=TRUE,VLOOKUP($H$1*H5,Data!$C$1:$D$81,2,FALSE)*25,0) -> 1050200 | J5: =IF(ISNUMBER(VLOOKUP($H$1*H5,Data!$C$1:$X$81,22,FALSE)*25)=TRUE,VLOOKUP($H$1*H5,Data!$C$1:$X$81,22,FALSE)*25,0) -> 6341100 | K5: =IF(ISNUMBER(VLOOKUP($H$1*H5,Data!$C$1:$X$81,3,FALSE)*25)=TRUE,VLOOKUP($H$1*H5,Data!$C$1:$X$81,3,FALSE)*25,0) -> -976000 | L5: =IF(ISNUMBER(VLOOKUP($H$1*H5,Data!$C$1:$X$81,21,FALSE)*25)=TRUE,VLOOKUP($H$1*H5,Data!$C$1:$X$81,21,FALSE)*25,0) -> 5229825 | M5: =J5/I5 -> 6.0379928 | N5: =IF(L5<0, IF(K5<0,K5/L5,-10),IF(K5<0,10,L5/K5)) -> 10 | O5: 4 | P5: =IF(ISNUMBER(VLOOKUP($O$1*O5,Data!$C$1:$D$81,2,FALSE)*25)=TRUE,VLOOKUP($O$1*O5,Data!$C$1:$D$81,2,FALSE)*25,0) -> 1406325 | Q5: =IF(ISNUMBER(VLOOKUP($O$1*O5,Data!$C$1:$X$81,22,FALSE)*25)=TRUE,VLOOKUP($O$1*O5,Data!$C$1:$X$81,22,FALSE)*25,0) -> 6036475 | R5: =IF(ISNUMBER(VLOOKUP($O$1*O5,Data!$C$1:$X$81,3,FALSE)*25)=TRUE,VLOOKUP($O$1*O5,Data!$C$1:$X$81,3,FALSE)*25,0) -> 202700 | S5: =IF(ISNUMBER(VLOOKUP($O$1*O5,Data!$C$1:$X$81,21,FALSE)*25)=TRUE,VLOOKUP($O$1*O5,Data!$C$1:$X$81,21,FALSE)*25,0) -> 5687900 | T5: =Q5/P5 -> 4.2923755 | U5: =IF(S5<0, IF(R5<0,R5/S5,-10),IF(R5<0,10,S5/R5)) -> 28.060681 | V5: 4 | W5: =IF(ISNUMBER(VLOOKUP($V$1*V5,Data!$C$1:$D$81,2,FALSE)*25)=TRUE,VLOOKUP($V$1*V5,Data!$C$1:$D$81,2,FALSE)*25,0) -> 3770000 | X5: =IF(ISNUMBER(VLOOKUP($V$1*V5,Data!$C$1:$X$81,22,FALSE)*25)=TRUE,VLOOKUP($V$1*V5,Data!$C$1:$X$81,22,FALSE)*25,0) -> 13124125 | Y5: =IF(ISNUMBER(VLOOKUP($V$1*V5,Data!$C$1:$X$81,3,FALSE)*25)=TRUE,VLOOKUP($V$1*V5,Data!$C$1:$X$81,3,FALSE)*25,0) -> 1026675 | Z5: =IF(ISNUMBER(VLOOKUP($V$1*V5,Data!$C$1:$X$81,21,FALSE)*25)=TRUE,VLOOKUP($V$1*V5,Data!$C$1:$X$81,21,FALSE)*25,0) -> 12458675 | AA5: =X5/W5 -> 3.4812003 | AB5: =IF(Z5<0, IF(Y5<0,Y5/Z5,-10),IF(Y5<0,10,Z5/Y5)) -> 12.134975 | AC5: 4 | AD5: =IF(ISNUMBER(VLOOKUP($AC$1*AC5,Data!$C$1:$D$161,2,FALSE)*25)=TRUE,VLOOKUP($AC$1*AC5,Data!$C$1:$D$161,2,FALSE)*25,0) -> 8961725 | AE5: =IF(ISNUMBER(VLOOKUP($AC$1*AC5,Data!$C$1:$X$161,22,FALSE)*25)=TRUE,VLOOKUP($AC$1*AC5,Data!$C$1:$X$161,22,FALSE)*25,0) -> 18724275 | AF5: =IF(ISNUMBER(VLOOKUP($AC$1*AC5,Data!$C$1:$X$161,3,FALSE)*25)=TRUE,VLOOKUP($AC$1*AC5,Data!$C$1:$X$161,3,FALSE)*25,0) -> 8093750 | AG5: =IF(ISNUMBER(VLOOKUP($AC$1*AC5,Data!$C$1:$X$161,21,FALSE)*25)=TRUE,VLOOKUP($AC$1*AC5,Data!$C$1:$X$161,21,FALSE)*25,0) -> 18661475 | AH5: =AE5/AD5 -> 2.0893606 | AI5: =IF(AG5<0, IF(AF5<0,AF5/AG5,-10),IF(AF5<0,10,AG5/AF5)) -> 2.3056649
A6: 5 | B6: =IF(ISNUMBER(VLOOKUP($A$1*A6,Data!$C$1:$D$81,2,FALSE)*25)=TRUE,VLOOKUP($A$1*A6,Data!$C$1:$D$81,2,FALSE)*25,0) -> 442650 | C6: =IF(ISNUMBER(VLOOKUP($A$1*A6,Data!$C$1:$X$81,22,FALSE)*25)=TRUE,VLOOKUP($A$1*A6,Data!$C$1:$X$81,22,FALSE)*25,0) -> 3552600 | D6: =IF(ISNUMBER(VLOOKUP($A$1*A6,Data!$C$1:$X$81,3,FALSE)*25)=TRUE,VLOOKUP($A$1*A6,Data!$C$1:$X$81,3,FALSE)*25,0) -> -357050 | E6: =IF(ISNUMBER(VLOOKUP($A$1*A6,Data!$C$1:$X$81,21,FALSE)*25)=TRUE,VLOOKUP($A$1*A6,Data!$C$1:$X$81,21,FALSE)*25,0) -> 2753050 | F6: =C6/B6 -> 8.025754 | G6: =IF(E6<0, IF(D6<0,D6/E6,-10),IF(D6<0,10,E6/D6)) -> 10 | H6: 5 | I6: =IF(ISNUMBER(VLOOKUP($H$1*H6,Data!$C$1:$D$81,2,FALSE)*25)=TRUE,VLOOKUP($H$1*H6,Data!$C$1:$D$81,2,FALSE)*25,0) -> 1240225 | J6: =IF(ISNUMBER(VLOOKUP($H$1*H6,Data!$C$1:$X$81,22,FALSE)*25)=TRUE,VLOOKUP($H$1*H6,Data!$C$1:$X$81,22,FALSE)*25,0) -> 7047200 | K6: =IF(ISNUMBER(VLOOKUP($H$1*H6,Data!$C$1:$X$81,3,FALSE)*25)=TRUE,VLOOKUP($H$1*H6,Data!$C$1:$X$81,3,FALSE)*25,0) -> -785975 | L6: =IF(ISNUMBER(VLOOKUP($H$1*H6,Data!$C$1:$X$81,21,FALSE)*25)=TRUE,VLOOKUP($H$1*H6,Data!$C$1:$X$81,21,FALSE)*25,0) -> 5935925 | M6: =J6/I6 -> 5.6821948 | N6: =IF(L6<0, IF(K6<0,K6/L6,-10),IF(K6<0,10,L6/K6)) -> 10 | O6: 5 | P6: =IF(ISNUMBER(VLOOKUP($O$1*O6,Data!$C$1:$D$81,2,FALSE)*25)=TRUE,VLOOKUP($O$1*O6,Data!$C$1:$D$81,2,FALSE)*25,0) -> 1615425 | Q6: =IF(ISNUMBER(VLOOKUP($O$1*O6,Data!$C$1:$X$81,22,FALSE)*25)=TRUE,VLOOKUP($O$1*O6,Data!$C$1:$X$81,22,FALSE)*25,0) -> 7074200 | R6: =IF(ISNUMBER(VLOOKUP($O$1*O6,Data!$C$1:$X$81,3,FALSE)*25)=TRUE,VLOOKUP($O$1*O6,Data!$C$1:$X$81,3,FALSE)*25,0) -> 411800 | S6: =IF(ISNUMBER(VLOOKUP($O$1*O6,Data!$C$1:$X$81,21,FALSE)*25)=TRUE,VLOOKUP($O$1*O6,Data!$C$1:$X$81,21,FALSE)*25,0) -> 6725625 | T6: =Q6/P6 -> 4.3791572 | U6: =IF(S6<0, IF(R6<0,R6/S6,-10),IF(R6<0,10,S6/R6)) -> 16.332261 | V6: 5 | W6: =IF(ISNUMBER(VLOOKUP($V$1*V6,Data!$C$1:$D$81,2,FALSE)*25)=TRUE,VLOOKUP($V$1*V6,Data!$C$1:$D$81,2,FALSE)*25,0) -> 5417725 | X6: =IF(ISNUMBER(VLOOKUP($V$1*V6,Data!$C$1:$X$81,22,FALSE)*25)=TRUE,VLOOKUP($V$1*V6,Data!$C$1:$X$81,22,FALSE)*25,0) -> 16693325 | Y6: =IF(ISNUMBER(VLOOKUP($V$1*V6,Data!$C$1:$X$81,3,FALSE)*25)=TRUE,VLOOKUP($V$1*V6,Data!$C$1:$X$81,3,FALSE)*25,0) -> 2674400 | Z6: =IF(ISNUMBER(VLOOKUP($V$1*V6,Data!$C$1:$X$81,21,FALSE)*25)=TRUE,VLOOKUP($V$1*V6,Data!$C$1:$X$81,21,FALSE)*25,0) -> 16027875 | AA6: =X6/W6 -> 3.0812426 | AB6: =IF(Z6<0, IF(Y6<0,Y6/Z6,-10),IF(Y6<0,10,Z6/Y6)) -> 5.9930732 | AC6: 5 | AD6: =IF(ISNUMBER(VLOOKUP($AC$1*AC6,Data!$C$1:$D$161,2,FALSE)*25)=TRUE,VLOOKUP($AC$1*AC6,Data!$C$1:$D$161,2,FALSE)*25,0) -> 11160300 | AE6: =IF(ISNUMBER(VLOOKUP($AC$1*AC6,Data!$C$1:$X$161,22,FALSE)*25)=TRUE,VLOOKUP($AC$1*AC6,Data!$C$1:$X$161,22,FALSE)*25,0) -> 15696650 | AF6: =IF(ISNUMBER(VLOOKUP($AC$1*AC6,Data!$C$1:$X$161,3,FALSE)*25)=TRUE,VLOOKUP($AC$1*AC6,Data!$C$1:$X$161,3,FALSE)*25,0) -> 10292325 | AG6: =IF(ISNUMBER(VLOOKUP($AC$1*AC6,Data!$C$1:$X$161,21,FALSE)*25)=TRUE,VLOOKUP($AC$1*AC6,Data!$C$1:$X$161,21,FALSE)*25,0) -> 15633850 | AH6: =AE6/AD6 -> 1.406472 | AI6: =IF(AG6<0, IF(AF6<0,AF6/AG6,-10),IF(AF6<0,10,AG6/AF6)) -> 1.5189814
A7: 6 | B7: =IF(ISNUMBER(VLOOKUP($A$1*A7,Data!$C$1:$D$81,2,FALSE)*25)=TRUE,VLOOKUP($A$1*A7,Data!$C$1:$D$81,2,FALSE)*25,0) -> 444750 | C7: =IF(ISNUMBER(VLOOKUP($A$1*A7,Data!$C$1:$X$81,22,FALSE)*25)=TRUE,VLOOKUP($A$1*A7,Data!$C$1:$X$81,22,FALSE)*25,0) -> 3869425 | D7: =IF(ISNUMBER(VLOOKUP($A$1*A7,Data!$C$1:$X$81,3,FALSE)*25)=TRUE,VLOOKUP($A$1*A7,Data!$C$1:$X$81,3,FALSE)*25,0) -> -354950 | E7: =IF(ISNUMBER(VLOOKUP($A$1*A7,Data!$C$1:$X$81,21,FALSE)*25)=TRUE,VLOOKUP($A$1*A7,Data!$C$1:$X$81,21,FALSE)*25,0) -> 3069875 | F7: =C7/B7 -> 8.7002248 | G7: =IF(E7<0, IF(D7<0,D7/E7,-10),IF(D7<0,10,E7/D7)) -> 10 | H7: 6 | I7: =IF(ISNUMBER(VLOOKUP($H$1*H7,Data!$C$1:$D$81,2,FALSE)*25)=TRUE,VLOOKUP($H$1*H7,Data!$C$1:$D$81,2,FALSE)*25,0) -> 1326700 | J7: =IF(ISNUMBER(VLOOKUP($H$1*H7,Data!$C$1:$X$81,22,FALSE)*25)=TRUE,VLOOKUP($H$1*H7,Data!$C$1:$X$81,22,FALSE)*25,0) -> 7344775 | K7: =IF(ISNUMBER(VLOOKUP($H$1*H7,Data!$C$1:$X$81,3,FALSE)*25)=TRUE,VLOOKUP($H$1*H7,Data!$C$1:$X$81,3,FALSE)*25,0) -> -699500 | L7: =IF(ISNUMBER(VLOOKUP($H$1*H7,Data!$C$1:$X$81,21,FALSE)*25)=TRUE,VLOOKUP($H$1*H7,Data!$C$1:$X$81,21,FALSE)*25,0) -> 6233500 | M7: =J7/I7 -> 5.5361235 | N7: =IF(L7<0, IF(K7<0,K7/L7,-10),IF(K7<0,10,L7/K7)) -> 10 | O7: 6 | P7: =IF(ISNUMBER(VLOOKUP($O$1*O7,Data!$C$1:$D$81,2,FALSE)*25)=TRUE,VLOOKUP($O$1*O7,Data!$C$1:$D$81,2,FALSE)*25,0) -> 1716650 | Q7: =IF(ISNUMBER(VLOOKUP($O$1*O7,Data!$C$1:$X$81,22,FALSE)*25)=TRUE,VLOOKUP($O$1*O7,Data!$C$1:$X$81,22,FALSE)*25,0) -> 7201375 | R7: =IF(ISNUMBER(VLOOKUP($O$1*O7,Data!$C$1:$X$81,3,FALSE)*25)=TRUE,VLOOKUP($O$1*O7,Data!$C$1:$X$81,3,FALSE)*25,0) -> 513025 | S7: =IF(ISNUMBER(VLOOKUP($O$1*O7,Data!$C$1:$X$81,21,FALSE)*25)=TRUE,VLOOKUP($O$1*O7,Data!$C$1:$X$81,21,FALSE)*25,0) -> 6852800 | T7: =Q7/P7 -> 4.1950165 | U7: =IF(S7<0, IF(R7<0,R7/S7,-10),IF(R7<0,10,S7/R7)) -> 13.357634 | V7: 6 | W7: =IF(ISNUMBER(VLOOKUP($V$1*V7,Data!$C$1:$D$81,2,FALSE)*25)=TRUE,VLOOKUP($V$1*V7,Data!$C$1:$D$81,2,FALSE)*25,0) -> 6049075 | X7: =IF(ISNUMBER(VLOOKUP($V$1*V7,Data!$C$1:$X$81,22,FALSE)*25)=TRUE,VLOOKUP($V$1*V7,Data!$C$1:$X$81,22,FALSE)*25,0) -> 17636625 | Y7: =IF(ISNUMBER(VLOOKUP($V$1*V7,Data!$C$1:$X$81,3,FALSE)*25)=TRUE,VLOOKUP($V$1*V7,Data!$C$1:$X$81,3,FALSE)*25,0) -> 3305750 | Z7: =IF(ISNUMBER(VLOOKUP($V$1*V7,Data!$C$1:$X$81,21,FALSE)*25)=TRUE,VLOOKUP($V$1*V7,Data!$C$1:$X$81,21,FALSE)*25,0) -> 16971175 | AA7: =X7/W7 -> 2.9155904 | AB7: =IF(Z7<0, IF(Y7<0,Y7/Z7,-10),IF(Y7<0,10,Z7/Y7)) -> 5.133835 | AC7: 6 | AD7: =IF(ISNUMBER(VLOOKUP($AC$1*AC7,Data!$C$1:$D$161,2,FALSE)*25)=TRUE,VLOOKUP($AC$1*AC7,Data!$C$1:$D$161,2,FALSE)*25,0) -> 11883000 | AE7: =IF(ISNUMBER(VLOOKUP($AC$1*AC7,Data!$C$1:$X$161,22,FALSE)*25)=TRUE,VLOOKUP($AC$1*AC7,Data!$C$1:$X$161,22,FALSE)*25,0) -> 14172625 | AF7: =IF(ISNUMBER(VLOOKUP($AC$1*AC7,Data!$C$1:$X$161,3,FALSE)*25)=TRUE,VLOOKUP($AC$1*AC7,Data!$C$1:$X$161,3,FALSE)*25,0) -> 11015025 | AG7: =IF(ISNUMBER(VLOOKUP($AC$1*AC7,Data!$C$1:$X$161,21,FALSE)*25)=TRUE,VLOOKUP($AC$1*AC7,Data!$C$1:$X$161,21,FALSE)*25,0) -> 14109825 | AH7: =AE7/AD7 -> 1.1926807 | AI7: =IF(AG7<0, IF(AF7<0,AF7/AG7,-10),IF(AF7<0,10,AG7/AF7)) -> 1.2809617
A8: 7 | B8: =IF(ISNUMBER(VLOOKUP($A$1*A8,Data!$C$1:$D$81,2,FALSE)*25)=TRUE,VLOOKUP($A$1*A8,Data!$C$1:$D$81,2,FALSE)*25,0) -> 463000 | C8: =IF(ISNUMBER(VLOOKUP($A$1*A8,Data!$C$1:$X$81,22,FALSE)*25)=TRUE,VLOOKUP($A$1*A8,Data!$C$1:$X$81,22,FALSE)*25,0) -> 3960475 | D8: =IF(ISNUMBER(VLOOKUP($A$1*A8,Data!$C$1:$X$81,3,FALSE)*25)=TRUE,VLOOKUP($A$1*A8,Data!$C$1:$X$81,3,FALSE)*25,0) -> -336700 | E8: =IF(ISNUMBER(VLOOKUP($A$1*A8,Data!$C$1:$X$81,21,FALSE)*25)=TRUE,VLOOKUP($A$1*A8,Data!$C$1:$X$81,21,FALSE)*25,0) -> 3160925 | F8: =C8/B8 -> 8.5539417 | G8: =IF(E8<0, IF(D8<0,D8/E8,-10),IF(D8<0,10,E8/D8)) -> 10 | H8: 7 | I8: =IF(ISNUMBER(VLOOKUP($H$1*H8,Data!$C$1:$D$81,2,FALSE)*25)=TRUE,VLOOKUP($H$1*H8,Data!$C$1:$D$81,2,FALSE)*25,0) -> 1384375 | J8: =IF(ISNUMBER(VLOOKUP($H$1*H8,Data!$C$1:$X$81,22,FALSE)*25)=TRUE,VLOOKUP($H$1*H8,Data!$C$1:$X$81,22,FALSE)*25,0) -> 7835125 | K8: =IF(ISNUMBER(VLOOKUP($H$1*H8,Data!$C$1:$X$81,3,FALSE)*25)=TRUE,VLOOKUP($H$1*H8,Data!$C$1:$X$81,3,FALSE)*25,0) -> -641825 | L8: =IF(ISNUMBER(VLOOKUP($H$1*H8,Data!$C$1:$X$81,21,FALSE)*25)=TRUE,VLOOKUP($H$1*H8,Data!$C$1:$X$81,21,FALSE)*25,0) -> 6723850 | M8: =J8/I8 -> 5.659684 | N8: =IF(L8<0, IF(K8<0,K8/L8,-10),IF(K8<0,10,L8/K8)) -> 10 | O8: 7 | P8: =IF(ISNUMBER(VLOOKUP($O$1*O8,Data!$C$1:$D$81,2,FALSE)*25)=TRUE,VLOOKUP($O$1*O8,Data!$C$1:$D$81,2,FALSE)*25,0) -> 1881675 | Q8: =IF(ISNUMBER(VLOOKUP($O$1*O8,Data!$C$1:$X$81,22,FALSE)*25)=TRUE,VLOOKUP($O$1*O8,Data!$C$1:$X$81,22,FALSE)*25,0) -> 7772200 | R8: =IF(ISNUMBER(VLOOKUP($O$1*O8,Data!$C$1:$X$81,3,FALSE)*25)=TRUE,VLOOKUP($O$1*O8,Data!$C$1:$X$81,3,FALSE)*25,0) -> 678050 | S8: =IF(ISNUMBER(VLOOKUP($O$1*O8,Data!$C$1:$X$81,21,FALSE)*25)=TRUE,VLOOKUP($O$1*O8,Data!$C$1:$X$81,21,FALSE)*25,0) -> 7423625 | T8: =Q8/P8 -> 4.1304689 | U8: =IF(S8<0, IF(R8<0,R8/S8,-10),IF(R8<0,10,S8/R8)) -> 10.948492 | V8: 7 | W8: =IF(ISNUMBER(VLOOKUP($V$1*V8,Data!$C$1:$D$81,2,FALSE)*25)=TRUE,VLOOKUP($V$1*V8,Data!$C$1:$D$81,2,FALSE)*25,0) -> 6570050 | X8: =IF(ISNUMBER(VLOOKUP($V$1*V8,Data!$C$1:$X$81,22,FALSE)*25)=TRUE,VLOOKUP($V$1*V8,Data!$C$1:$X$81,22,FALSE)*25,0) -> 19784300 | Y8: =IF(ISNUMBER(VLOOKUP($V$1*V8,Data!$C$1:$X$81,3,FALSE)*25)=TRUE,VLOOKUP($V$1*V8,Data!$C$1:$X$81,3,FALSE)*25,0) -> 3826725 | Z8: =IF(ISNUMBER(VLOOKUP($V$1*V8,Data!$C$1:$X$81,21,FALSE)*25)=TRUE,VLOOKUP($V$1*V8,Data!$C$1:$X$81,21,FALSE)*25,0) -> 19118850 | AA8: =X8/W8 -> 3.0112861 | AB8: =IF(Z8<0, IF(Y8<0,Y8/Z8,-10),IF(Y8<0,10,Z8/Y8)) -> 4.996139 | AC8: 7 | AD8: =IF(ISNUMBER(VLOOKUP($AC$1*AC8,Data!$C$1:$D$161,2,FALSE)*25)=TRUE,VLOOKUP($AC$1*AC8,Data!$C$1:$D$161,2,FALSE)*25,0) -> 13561050 | AE8: =IF(ISNUMBER(VLOOKUP($AC$1*AC8,Data!$C$1:$X$161,22,FALSE)*25)=TRUE,VLOOKUP($AC$1*AC8,Data!$C$1:$X$161,22,FALSE)*25,0) -> 12517150 | AF8: =IF(ISNUMBER(VLOOKUP($AC$1*AC8,Data!$C$1:$X$161,3,FALSE)*25)=TRUE,VLOOKUP($AC$1*AC8,Data!$C$1:$X$161,3,FALSE)*25,0) -> 12693075 | AG8: =IF(ISNUMBER(VLOOKUP($AC$1*AC8,Data!$C$1:$X$161,21,FALSE)*25)=TRUE,VLOOKUP($AC$1*AC8,Data!$C$1:$X$161,21,FALSE)*25,0) -> 12454350 | AH8: =AE8/AD8 -> 0.92302218 | AI8: =IF(AG8<0, IF(AF8<0,AF8/AG8,-10),IF(AF8<0,10,AG8/AF8)) -> 0.9811925
A9: 8 | B9: =IF(ISNUMBER(VLOOKUP($A$1*A9,Data!$C$1:$D$81,2,FALSE)*25)=TRUE,VLOOKUP($A$1*A9,Data!$C$1:$D$81,2,FALSE)*25,0) -> 476050 | C9: =IF(ISNUMBER(VLOOKUP($A$1*A9,Data!$C$1:$X$81,22,FALSE)*25)=TRUE,VLOOKUP($A$1*A9,Data!$C$1:$X$81,22,FALSE)*25,0) -> 3950550 | D9: =IF(ISNUMBER(VLOOKUP($A$1*A9,Data!$C$1:$X$81,3,FALSE)*25)=TRUE,VLOOKUP($A$1*A9,Data!$C$1:$X$81,3,FALSE)*25,0) -> -323650 | E9: =IF(ISNUMBER(VLOOKUP($A$1*A9,Data!$C$1:$X$81,21,FALSE)*25)=TRUE,VLOOKUP($A$1*A9,Data!$C$1:$X$81,21,FALSE)*25,0) -> 3151000 | F9: =C9/B9 -> 8.2986031 | G9: =IF(E9<0, IF(D9<0,D9/E9,-10),IF(D9<0,10,E9/D9)) -> 10 | H9: 8 | I9: =IF(ISNUMBER(VLOOKUP($H$1*H9,Data!$C$1:$D$81,2,FALSE)*25)=TRUE,VLOOKUP($H$1*H9,Data!$C$1:$D$81,2,FALSE)*25,0) -> 1472800 | J9: =IF(ISNUMBER(VLOOKUP($H$1*H9,Data!$C$1:$X$81,22,FALSE)*25)=TRUE,VLOOKUP($H$1*H9,Data!$C$1:$X$81,22,FALSE)*25,0) -> 7969500 | K9: =IF(ISNUMBER(VLOOKUP($H$1*H9,Data!$C$1:$X$81,3,FALSE)*25)=TRUE,VLOOKUP($H$1*H9,Data!$C$1:$X$81,3,FALSE)*25,0) -> -553400 | L9: =IF(ISNUMBER(VLOOKUP($H$1*H9,Data!$C$1:$X$81,21,FALSE)*25)=TRUE,VLOOKUP($H$1*H9,Data!$C$1:$X$81,21,FALSE)*25,0) -> 6858225 | M9: =J9/I9 -> 5.4111217 | N9: =IF(L9<0, IF(K9<0,K9/L9,-10),IF(K9<0,10,L9/K9)) -> 10 | O9: 8 | P9: =IF(ISNUMBER(VLOOKUP($O$1*O9,Data!$C$1:$D$81,2,FALSE)*25)=TRUE,VLOOKUP($O$1*O9,Data!$C$1:$D$81,2,FALSE)*25,0) -> 2010950 | Q9: =IF(ISNUMBER(VLOOKUP($O$1*O9,Data!$C$1:$X$81,22,FALSE)*25)=TRUE,VLOOKUP($O$1*O9,Data!$C$1:$X$81,22,FALSE)*25,0) -> 8189025 | R9: =IF(ISNUMBER(VLOOKUP($O$1*O9,Data!$C$1:$X$81,3,FALSE)*25)=TRUE,VLOOKUP($O$1*O9,Data!$C$1:$X$81,3,FALSE)*25,0) -> 807325 | S9: =IF(ISNUMBER(VLOOKUP($O$1*O9,Data!$C$1:$X$81,21,FALSE)*25)=TRUE,VLOOKUP($O$1*O9,Data!$C$1:$X$81,21,FALSE)*25,0) -> 7840450 | T9: =Q9/P9 -> 4.0722171 | U9: =IF(S9<0, IF(R9<0,R9/S9,-10),IF(R9<0,10,S9/R9)) -> 9.7116403 | V9: 8 | W9: =IF(ISNUMBER(VLOOKUP($V$1*V9,Data!$C$1:$D$81,2,FALSE)*25)=TRUE,VLOOKUP($V$1*V9,Data!$C$1:$D$81,2,FALSE)*25,0) -> 7331125 | X9: =IF(ISNUMBER(VLOOKUP($V$1*V9,Data!$C$1:$X$81,22,FALSE)*25)=TRUE,VLOOKUP($V$1*V9,Data!$C$1:$X$81,22,FALSE)*25,0) -> 20109550 | Y9: =IF(ISNUMBER(VLOOKUP($V$1*V9,Data!$C$1:$X$81,3,FALSE)*25)=TRUE,VLOOKUP($V$1*V9,Data!$C$1:$X$81,3,FALSE)*25,0) -> 4587800 | Z9: =IF(ISNUMBER(VLOOKUP($V$1*V9,Data!$C$1:$X$81,21,FALSE)*25)=TRUE,VLOOKUP($V$1*V9,Data!$C$1:$X$81,21,FALSE)*25,0) -> 19444100 | AA9: =X9/W9 -> 2.7430374 | AB9: =IF(Z9<0, IF(Y9<0,Y9/Z9,-10),IF(Y9<0,10,Z9/Y9)) -> 4.2382188 | AC9: 8 | AD9: =IF(ISNUMBER(VLOOKUP($AC$1*AC9,Data!$C$1:$D$161,2,FALSE)*25)=TRUE,VLOOKUP($AC$1*AC9,Data!$C$1:$D$161,2,FALSE)*25,0) -> 14697950 | AE9: =IF(ISNUMBER(VLOOKUP($AC$1*AC9,Data!$C$1:$X$161,22,FALSE)*25)=TRUE,VLOOKUP($AC$1*AC9,Data!$C$1:$X$161,22,FALSE)*25,0) -> 11022300 | AF9: =IF(ISNUMBER(VLOOKUP($AC$1*AC9,Data!$C$1:$X$161,3,FALSE)*25)=TRUE,VLOOKUP($AC$1*AC9,Data!$C$1:$X$161,3,FALSE)*25,0) -> 13829975 | AG9: =IF(ISNUMBER(VLOOKUP($AC$1*AC9,Data!$C$1:$X$161,21,FALSE)*25)=TRUE,VLOOKUP($AC$1*AC9,Data!$C$1:$X$161,21,FALSE)*25,0) -> 10959500 | AH9: =AE9/AD9 -> 0.74992091 | AI9: =IF(AG9<0, IF(AF9<0,AF9/AG9,-10),IF(AF9<0,10,AG9/AF9)) -> 0.79244539
AC10: 9 | AD10: =IF(ISNUMBER(VLOOKUP($AC$1*AC10,Data!$C$1:$D$161,2,FALSE)*25)=TRUE,VLOOKUP($AC$1*AC10,Data!$C$1:$D$161,2,FALSE)*25,0) -> 11893000 | AE10: =IF(ISNUMBER(VLOOKUP($AC$1*AC10,Data!$C$1:$X$161,22,FALSE)*25)=TRUE,VLOOKUP($AC$1*AC10,Data!$C$1:$X$161,22,FALSE)*25,0) -> 13897800 | AF10: =IF(ISNUMBER(VLOOKUP($AC$1*AC10,Data!$C$1:$X$161,3,FALSE)*25)=TRUE,VLOOKUP($AC$1*AC10,Data!$C$1:$X$161,3,FALSE)*25,0) -> 11025025 | AG10: =IF(ISNUMBER(VLOOKUP($AC$1*AC10,Data!$C$1:$X$161,21,FALSE)*25)=TRUE,VLOOKUP($AC$1*AC10,Data!$C$1:$X$161,21,FALSE)*25,0) -> 13835000 | AH10: =AE10/AD10 -> 1.1685697 | AI10: =IF(AG10<0, IF(AF10<0,AF10/AG10,-10),IF(AF10<0,10,AG10/AF10)) -> 1.2548724
AC11: 10 | AD11: =IF(ISNUMBER(VLOOKUP($AC$1*AC11,Data!$C$1:$D$161,2,FALSE)*25)=TRUE,VLOOKUP($AC$1*AC11,Data!$C$1:$D$161,2,FALSE)*25,0) -> 11262825 | AE11: =IF(ISNUMBER(VLOOKUP($AC$1*AC11,Data!$C$1:$X$161,22,FALSE)*25)=TRUE,VLOOKUP($AC$1*AC11,Data!$C$1:$X$161,22,FALSE)*25,0) -> 14112975 | AF11: =IF(ISNUMBER(VLOOKUP($AC$1*AC11,Data!$C$1:$X$161,3,FALSE)*25)=TRUE,VLOOKUP($AC$1*AC11,Data!$C$1:$X$161,3,FALSE)*25,0) -> 10394850 | AG11: =IF(ISNUMBER(VLOOKUP($AC$1*AC11,Data!$C$1:$X$161,21,FALSE)*25)=TRUE,VLOOKUP($AC$1*AC11,Data!$C$1:$X$161,21,FALSE)*25,0) -> 14050175 | AH11: =AE11/AD11 -> 1.2530582 | AI11: =IF(AG11<0, IF(AF11<0,AF11/AG11,-10),IF(AF11<0,10,AG11/AF11)) -> 1.3516477
AC12: 11 | AD12: =IF(ISNUMBER(VLOOKUP($AC$1*AC12,Data!$C$1:$D$161,2,FALSE)*25)=TRUE,VLOOKUP($AC$1*AC12,Data!$C$1:$D$161,2,FALSE)*25,0) -> 10241100 | AE12: =IF(ISNUMBER(VLOOKUP($AC$1*AC12,Data!$C$1:$X$161,22,FALSE)*25)=TRUE,VLOOKUP($AC$1*AC12,Data!$C$1:$X$161,22,FALSE)*25,0) -> 14051450 | AF12: =IF(ISNUMBER(VLOOKUP($AC$1*AC12,Data!$C$1:$X$161,3,FALSE)*25)=TRUE,VLOOKUP($AC$1*AC12,Data!$C$1:$X$161,3,FALSE)*25,0) -> 9373125 | AG12: =IF(ISNUMBER(VLOOKUP($AC$1*AC12,Data!$C$1:$X$161,21,FALSE)*25)=TRUE,VLOOKUP($AC$1*AC12,Data!$C$1:$X$161,21,FALSE)*25,0) -> 13988650 | AH12: =AE12/AD12 -> 1.3720645 | AI12: =IF(AG12<0, IF(AF12<0,AF12/AG12,-10),IF(AF12<0,10,AG12/AF12)) -> 1.4924212
AC13: 12 | AD13: =IF(ISNUMBER(VLOOKUP($AC$1*AC13,Data!$C$1:$D$161,2,FALSE)*25)=TRUE,VLOOKUP($AC$1*AC13,Data!$C$1:$D$161,2,FALSE)*25,0) -> 9445225 | AE13: =IF(ISNUMBER(VLOOKUP($AC$1*AC13,Data!$C$1:$X$161,22,FALSE)*25)=TRUE,VLOOKUP($AC$1*AC13,Data!$C$1:$X$161,22,FALSE)*25,0) -> 14170950 | AF13: =IF(ISNUMBER(VLOOKUP($AC$1*AC13,Data!$C$1:$X$161,3,FALSE)*25)=TRUE,VLOOKUP($AC$1*AC13,Data!$C$1:$X$161,3,FALSE)*25,0) -> 8577250 | AG13: =IF(ISNUMBER(VLOOKUP($AC$1*AC13,Data!$C$1:$X$161,21,FALSE)*25)=TRUE,VLOOKUP($AC$1*AC13,Data!$C$1:$X$161,21,FALSE)*25,0) -> 14108150 | AH13: =AE13/AD13 -> 1.5003295 | AI13: =IF(AG13<0, IF(AF13<0,AF13/AG13,-10),IF(AF13<0,10,AG13/AF13)) -> 1.6448337
AC14: 13 | AD14: =IF(ISNUMBER(VLOOKUP($AC$1*AC14,Data!$C$1:$D$161,2,FALSE)*25)=TRUE,VLOOKUP($AC$1*AC14,Data!$C$1:$D$161,2,FALSE)*25,0) -> 9309475 | AE14: =IF(ISNUMBER(VLOOKUP($AC$1*AC14,Data!$C$1:$X$161,22,FALSE)*25)=TRUE,VLOOKUP($AC$1*AC14,Data!$C$1:$X$161,22,FALSE)*25,0) -> 13916500 | AF14: =IF(ISNUMBER(VLOOKUP($AC$1*AC14,Data!$C$1:$X$161,3,FALSE)*25)=TRUE,VLOOKUP($AC$1*AC14,Data!$C$1:$X$161,3,FALSE)*25,0) -> 8441500 | AG14: =IF(ISNUMBER(VLOOKUP($AC$1*AC14,Data!$C$1:$X$161,21,FALSE)*25)=TRUE,VLOOKUP($AC$1*AC14,Data!$C$1:$X$161,21,FALSE)*25,0) -> 13853700 | AH14: =AE14/AD14 -> 1.4948748 | AI14: =IF(AG14<0, IF(AF14<0,AF14/AG14,-10),IF(AF14<0,10,AG14/AF14)) -> 1.641142
AC15: 14 | AD15: =IF(ISNUMBER(VLOOKUP($AC$1*AC15,Data!$C$1:$D$161,2,FALSE)*25)=TRUE,VLOOKUP($AC$1*AC15,Data!$C$1:$D$161,2,FALSE)*25,0) -> 8696050 | AE15: =IF(ISNUMBER(VLOOKUP($AC$1*AC15,Data!$C$1:$X$161,22,FALSE)*25)=TRUE,VLOOKUP($AC$1*AC15,Data!$C$1:$X$161,22,FALSE)*25,0) -> 13194475 | AF15: =IF(ISNUMBER(VLOOKUP($AC$1*AC15,Data!$C$1:$X$161,3,FALSE)*25)=TRUE,VLOOKUP($AC$1*AC15,Data!$C$1:$X$161,3,FALSE)*25,0) -> 7828075 | AG15: =IF(ISNUMBER(VLOOKUP($AC$1*AC15,Data!$C$1:$X$161,21,FALSE)*25)=TRUE,VLOOKUP($AC$1*AC15,Data!$C$1:$X$161,21,FALSE)*25,0) -> 13131675 | AH15: =AE15/AD15 -> 1.5172952 | AI15: =IF(AG15<0, IF(AF15<0,AF15/AG15,-10),IF(AF15<0,10,AG15/AF15)) -> 1.6775101
AC16: 15 | AD16: =IF(ISNUMBER(VLOOKUP($AC$1*AC16,Data!$C$1:$D$161,2,FALSE)*25)=TRUE,VLOOKUP($AC$1*AC16,Data!$C$1:$D$161,2,FALSE)*25,0) -> 9002350 | AE16: =IF(ISNUMBER(VLOOKUP($AC$1*AC16,Data!$C$1:$X$161,22,FALSE)*25)=TRUE,VLOOKUP($AC$1*AC16,Data!$C$1:$X$161,22,FALSE)*25,0) -> 12519300 | AF16: =IF(ISNUMBER(VLOOKUP($AC$1*AC16,Data!$C$1:$X$161,3,FALSE)*25)=TRUE,VLOOKUP($AC$1*AC16,Data!$C$1:$X$161,3,FALSE)*25,0) -> 8134375 | AG16: =IF(ISNUMBER(VLOOKUP($AC$1*AC16,Data!$C$1:$X$161,21,FALSE)*25)=TRUE,VLOOKUP($AC$1*AC16,Data!$C$1:$X$161,21,FALSE)*25,0) -> 12456500 | AH16: =AE16/AD16 -> 1.3906702 | AI16: =IF(AG16<0, IF(AF16<0,AF16/AG16,-10),IF(AF16<0,10,AG16/AF16)) -> 1.5313408
AC17: 16 | AD17: =IF(ISNUMBER(VLOOKUP($AC$1*AC17,Data!$C$1:$D$161,2,FALSE)*25)=TRUE,VLOOKUP($AC$1*AC17,Data!$C$1:$D$161,2,FALSE)*25,0) -> 13776700 | AE17: =IF(ISNUMBER(VLOOKUP($AC$1*AC17,Data!$C$1:$X$161,22,FALSE)*25)=TRUE,VLOOKUP($AC$1*AC17,Data!$C$1:$X$161,22,FALSE)*25,0) -> 9700800 | AF17: =IF(ISNUMBER(VLOOKUP($AC$1*AC17,Data!$C$1:$X$161,3,FALSE)*25)=TRUE,VLOOKUP($AC$1*AC17,Data!$C$1:$X$161,3,FALSE)*25,0) -> 12908725 | AG17: =IF(ISNUMBER(VLOOKUP($AC$1*AC17,Data!$C$1:$X$161,21,FALSE)*25)=TRUE,VLOOKUP($AC$1*AC17,Data!$C$1:$X$161,21,FALSE)*25,0) -> 9638000 | AH17: =AE17/AD17 -> 0.7041454 | AI17: =IF(AG17<0, IF(AF17<0,AF17/AG17,-10),IF(AF17<0,10,AG17/AF17)) -> 0.7466268
A19: =Entry!$A$2+250 -> 24800 | B19: Call OI | C19: Put OI | D19: Change Call | E19: Change Put | F19: PCR | G19: Change PCR | H19: =Entry!$A$2+200 -> 24750 | I19: Call OI | J19: Put OI | K19: Change Call | L19: Change Put | M19: PCR | N19: Change PCR | O19: =Entry!$A$2+150 -> 24700 | P19: Call OI | Q19: Put OI | R19: Change Call | S19: Change Put | T19: PCR | U19: Change PCR | V19: =Entry!$A$2+100 -> 24650 | W19: Call OI | X19: Put OI | Y19: Change Call | Z19: Change Put | AA19: PCR | AB19: Change PCR | AC19: =Entry!$A$2+50 -> 24600 | AD19: Call OI | AE19: Put OI | AF19: Change Call | AG19: Change Put | AH19: PCR | AI19: Change PCR
A20: 1 | B20: =IF(ISNUMBER(VLOOKUP($A$19*A20,Data!$C$1:$D$81,2,FALSE)*25)=TRUE,VLOOKUP($A$19*A20,Data!$C$1:$D$81,2,FALSE)*25,0) -> 0 | C20: =IF(ISNUMBER(VLOOKUP($A$19*A20,Data!$C$1:$X$81,22,FALSE)*25)=TRUE,VLOOKUP($A$19*A20,Data!$C$1:$X$81,22,FALSE)*25,0) -> 0 | D20: =IF(ISNUMBER(VLOOKUP($A$19*A20,Data!$C$1:$X$81,3,FALSE)*25)=TRUE,VLOOKUP($A$19*A20,Data!$C$1:$X$81,3,FALSE)*25,0) -> 0 | E20: =IF(ISNUMBER(VLOOKUP($A$19*A20,Data!$C$1:$X$81,21,FALSE)*25)=TRUE,VLOOKUP($A$19*A20,Data!$C$1:$X$81,21,FALSE)*25,0) -> 0 | F20: =C20/B20 -> #DIV/0! | G20: =IF(E20<0, IF(D20<0,D20/E20,-10),IF(D20<0,10,E20/D20)) -> #DIV/0! | H20: 1 | I20: =IF(ISNUMBER(VLOOKUP($H$19*H20,Data!$C$1:$D$81,2,FALSE)*25)=TRUE,VLOOKUP($H$19*H20,Data!$C$1:$D$81,2,FALSE)*25,0) -> 0 | J20: =IF(ISNUMBER(VLOOKUP($H$19*H20,Data!$C$1:$X$81,22,FALSE)*25)=TRUE,VLOOKUP($H$19*H20,Data!$C$1:$X$81,22,FALSE)*25,0) -> 0 | K20: =IF(ISNUMBER(VLOOKUP($H$19*H20,Data!$C$1:$X$81,3,FALSE)*25)=TRUE,VLOOKUP($H$19*H20,Data!$C$1:$X$81,3,FALSE)*25,0) -> 0 | L20: =IF(ISNUMBER(VLOOKUP($H$19*H20,Data!$C$1:$X$81,21,FALSE)*25)=TRUE,VLOOKUP($H$19*H20,Data!$C$1:$X$81,21,FALSE)*25,0) -> 0 | M20: =J20/I20 -> #DIV/0! | N20: =IF(L20<0, IF(K20<0,K20/L20,-10),IF(K20<0,10,L20/K20)) -> #DIV/0! | O20: 1 | P20: =IF(ISNUMBER(VLOOKUP($O$19*O20,Data!$C$1:$D$81,2,FALSE)*25)=TRUE,VLOOKUP($O$19*O20,Data!$C$1:$D$81,2,FALSE)*25,0) -> 0 | Q20: =IF(ISNUMBER(VLOOKUP($O$19*O20,Data!$C$1:$X$81,22,FALSE)*25)=TRUE,VLOOKUP($O$19*O20,Data!$C$1:$X$81,22,FALSE)*25,0) -> 0 | R20: =IF(ISNUMBER(VLOOKUP($O$19*O20,Data!$C$1:$X$81,3,FALSE)*25)=TRUE,VLOOKUP($O$19*O20,Data!$C$1:$X$81,3,FALSE)*25,0) -> 0 | S20: =IF(ISNUMBER(VLOOKUP($O$19*O20,Data!$C$1:$X$81,21,FALSE)*25)=TRUE,VLOOKUP($O$19*O20,Data!$C$1:$X$81,21,FALSE)*25,0) -> 0 | T20: =Q20/P20 -> #DIV/0! | U20: =IF(S20<0, IF(R20<0,R20/S20,-10),IF(R20<0,10,S20/R20)) -> #DIV/0! | V20: 1 | W20: =IF(ISNUMBER(VLOOKUP($V$19*V20,Data!$C$1:$D$81,2,FALSE)*25)=TRUE,VLOOKUP($V$19*V20,Data!$C$1:$D$81,2,FALSE)*25,0) -> 0 | X20: =IF(ISNUMBER(VLOOKUP($V$19*V20,Data!$C$1:$X$81,22,FALSE)*25)=TRUE,VLOOKUP($V$19*V20,Data!$C$1:$X$81,22,FALSE)*25,0) -> 0 | Y20: =IF(ISNUMBER(VLOOKUP($V$19*V20,Data!$C$1:$X$81,3,FALSE)*25)=TRUE,VLOOKUP($V$19*V20,Data!$C$1:$X$81,3,FALSE)*25,0) -> 0 | Z20: =IF(ISNUMBER(VLOOKUP($V$19*V20,Data!$C$1:$X$81,21,FALSE)*25)=TRUE,VLOOKUP($V$19*V20,Data!$C$1:$X$81,21,FALSE)*25,0) -> 0 | AA20: =X20/W20 -> #DIV/0! | AB20: =IF(Z20<0, IF(Y20<0,Y20/Z20,-10),IF(Y20<0,10,Z20/Y20)) -> #DIV/0! | AC20: 1 | AD20: =IF(ISNUMBER(VLOOKUP($AC$19*AC20,Data!$C$1:$D$161,2,FALSE)*25)=TRUE,VLOOKUP($AC$19*AC20,Data!$C$1:$D$161,2,FALSE)*25,0) -> 0 | AE20: =IF(ISNUMBER(VLOOKUP($AC$19*AC20,Data!$C$1:$X$161,22,FALSE)*25)=TRUE,VLOOKUP($AC$19*AC20,Data!$C$1:$X$161,22,FALSE)*25,0) -> 0 | AF20: =IF(ISNUMBER(VLOOKUP($AC$19*AC20,Data!$C$1:$X$161,3,FALSE)*25)=TRUE,VLOOKUP($AC$19*AC20,Data!$C$1:$X$161,3,FALSE)*25,0) -> 0 | AG20: =IF(ISNUMBER(VLOOKUP($AC$19*AC20,Data!$C$1:$X$161,21,FALSE)*25)=TRUE,VLOOKUP($AC$19*AC20,Data!$C$1:$X$161,21,FALSE)*25,0) -> 0 | AH20: =AE20/AD20 -> #DIV/0! | AI20: =IF(AG20<0, IF(AF20<0,AF20/AG20,-10),IF(AF20<0,10,AG20/AF20)) -> #DIV/0!
A21: 2 | B21: =IF(ISNUMBER(VLOOKUP($A$19*A21,Data!$C$1:$D$81,2,FALSE)*25)=TRUE,VLOOKUP($A$19*A21,Data!$C$1:$D$81,2,FALSE)*25,0) -> 4863475 | C21: =IF(ISNUMBER(VLOOKUP($A$19*A21,Data!$C$1:$X$81,22,FALSE)*25)=TRUE,VLOOKUP($A$19*A21,Data!$C$1:$X$81,22,FALSE)*25,0) -> 165375 | D21: =IF(ISNUMBER(VLOOKUP($A$19*A21,Data!$C$1:$X$81,3,FALSE)*25)=TRUE,VLOOKUP($A$19*A21,Data!$C$1:$X$81,3,FALSE)*25,0) -> 2186450 | E21: =IF(ISNUMBER(VLOOKUP($A$19*A21,Data!$C$1:$X$81,21,FALSE)*25)=TRUE,VLOOKUP($A$19*A21,Data!$C$1:$X$81,21,FALSE)*25,0) -> 130175 | F21: =C21/B21 -> 0.034003465 | G21: =IF(E21<0, IF(D21<0,D21/E21,-10),IF(D21<0,10,E21/D21)) -> 0.059537149 | H21: 2 | I21: =IF(ISNUMBER(VLOOKUP($H$19*H21,Data!$C$1:$D$81,2,FALSE)*25)=TRUE,VLOOKUP($H$19*H21,Data!$C$1:$D$81,2,FALSE)*25,0) -> 2944075 | J21: =IF(ISNUMBER(VLOOKUP($H$19*H21,Data!$C$1:$X$81,22,FALSE)*25)=TRUE,VLOOKUP($H$19*H21,Data!$C$1:$X$81,22,FALSE)*25,0) -> 142975 | K21: =IF(ISNUMBER(VLOOKUP($H$19*H21,Data!$C$1:$X$81,3,FALSE)*25)=TRUE,VLOOKUP($H$19*H21,Data!$C$1:$X$81,3,FALSE)*25,0) -> 2059375 | L21: =IF(ISNUMBER(VLOOKUP($H$19*H21,Data!$C$1:$X$81,21,FALSE)*25)=TRUE,VLOOKUP($H$19*H21,Data!$C$1:$X$81,21,FALSE)*25,0) -> 127575 | M21: =J21/I21 -> 0.048563641 | N21: =IF(L21<0, IF(K21<0,K21/L21,-10),IF(K21<0,10,L21/K21)) -> 0.061948407 | O21: 2 | P21: =IF(ISNUMBER(VLOOKUP($O$19*O21,Data!$C$1:$D$81,2,FALSE)*25)=TRUE,VLOOKUP($O$19*O21,Data!$C$1:$D$81,2,FALSE)*25,0) -> 4654475 | Q21: =IF(ISNUMBER(VLOOKUP($O$19*O21,Data!$C$1:$X$81,22,FALSE)*25)=TRUE,VLOOKUP($O$19*O21,Data!$C$1:$X$81,22,FALSE)*25,0) -> 638375 | R21: =IF(ISNUMBER(VLOOKUP($O$19*O21,Data!$C$1:$X$81,3,FALSE)*25)=TRUE,VLOOKUP($O$19*O21,Data!$C$1:$X$81,3,FALSE)*25,0) -> 3031725 | S21: =IF(ISNUMBER(VLOOKUP($O$19*O21,Data!$C$1:$X$81,21,FALSE)*25)=TRUE,VLOOKUP($O$19*O21,Data!$C$1:$X$81,21,FALSE)*25,0) -> 541700 | T21: =Q21/P21 -> 0.13715295 | U21: =IF(S21<0, IF(R21<0,R21/S21,-10),IF(R21<0,10,S21/R21)) -> 0.17867716 | V21: 2 | W21: =IF(ISNUMBER(VLOOKUP($V$19*V21,Data!$C$1:$D$81,2,FALSE)*25)=TRUE,VLOOKUP($V$19*V21,Data!$C$1:$D$81,2,FALSE)*25,0) -> 5104225 | X21: =IF(ISNUMBER(VLOOKUP($V$19*V21,Data!$C$1:$X$81,22,FALSE)*25)=TRUE,VLOOKUP($V$19*V21,Data!$C$1:$X$81,22,FALSE)*25,0) -> 1269375 | Y21: =IF(ISNUMBER(VLOOKUP($V$19*V21,Data!$C$1:$X$81,3,FALSE)*25)=TRUE,VLOOKUP($V$19*V21,Data!$C$1:$X$81,3,FALSE)*25,0) -> 4159200 | Z21: =IF(ISNUMBER(VLOOKUP($V$19*V21,Data!$C$1:$X$81,21,FALSE)*25)=TRUE,VLOOKUP($V$19*V21,Data!$C$1:$X$81,21,FALSE)*25,0) -> 1247425 | AA21: =X21/W21 -> 0.24869104 | AB21: =IF(Z21<0, IF(Y21<0,Y21/Z21,-10),IF(Y21<0,10,Z21/Y21)) -> 0.29991946 | AC21: 2 | AD21: =IF(ISNUMBER(VLOOKUP($AC$19*AC21,Data!$C$1:$D$161,2,FALSE)*25)=TRUE,VLOOKUP($AC$19*AC21,Data!$C$1:$D$161,2,FALSE)*25,0) -> 15041650 | AE21: =IF(ISNUMBER(VLOOKUP($AC$19*AC21,Data!$C$1:$X$161,22,FALSE)*25)=TRUE,VLOOKUP($AC$19*AC21,Data!$C$1:$X$161,22,FALSE)*25,0) -> 6477425 | AF21: =IF(ISNUMBER(VLOOKUP($AC$19*AC21,Data!$C$1:$X$161,3,FALSE)*25)=TRUE,VLOOKUP($AC$19*AC21,Data!$C$1:$X$161,3,FALSE)*25,0) -> 12758700 | AG21: =IF(ISNUMBER(VLOOKUP($AC$19*AC21,Data!$C$1:$X$161,21,FALSE)*25)=TRUE,VLOOKUP($AC$19*AC21,Data!$C$1:$X$161,21,FALSE)*25,0) -> 6371875 | AH21: =AE21/AD21 -> 0.43063261 | AI21: =IF(AG21<0, IF(AF21<0,AF21/AG21,-10),IF(AF21<0,10,AG21/AF21)) -> 0.49941413
A22: 3 | B22: =IF(ISNUMBER(VLOOKUP($A$19*A22,Data!$C$1:$D$81,2,FALSE)*25)=TRUE,VLOOKUP($A$19*A22,Data!$C$1:$D$81,2,FALSE)*25,0) -> 5135175 | C22: =IF(ISNUMBER(VLOOKUP($A$19*A22,Data!$C$1:$X$81,22,FALSE)*25)=TRUE,VLOOKUP($A$19*A22,Data!$C$1:$X$81,22,FALSE)*25,0) -> 177025 | D22: =IF(ISNUMBER(VLOOKUP($A$19*A22,Data!$C$1:$X$81,3,FALSE)*25)=TRUE,VLOOKUP($A$19*A22,Data!$C$1:$X$81,3,FALSE)*25,0) -> 2458150 | E22: =IF(ISNUMBER(VLOOKUP($A$19*A22,Data!$C$1:$X$81,21,FALSE)*25)=TRUE,VLOOKUP($A$19*A22,Data!$C$1:$X$81,21,FALSE)*25,0) -> 141825 | F22: =C22/B22 -> 0.034473022 | G22: =IF(E22<0, IF(D22<0,D22/E22,-10),IF(D22<0,10,E22/D22)) -> 0.057695828 | H22: 3 | I22: =IF(ISNUMBER(VLOOKUP($H$19*H22,Data!$C$1:$D$81,2,FALSE)*25)=TRUE,VLOOKUP($H$19*H22,Data!$C$1:$D$81,2,FALSE)*25,0) -> 3060925 | J22: =IF(ISNUMBER(VLOOKUP($H$19*H22,Data!$C$1:$X$81,22,FALSE)*25)=TRUE,VLOOKUP($H$19*H22,Data!$C$1:$X$81,22,FALSE)*25,0) -> 152075 | K22: =IF(ISNUMBER(VLOOKUP($H$19*H22,Data!$C$1:$X$81,3,FALSE)*25)=TRUE,VLOOKUP($H$19*H22,Data!$C$1:$X$81,3,FALSE)*25,0) -> 2176225 | L22: =IF(ISNUMBER(VLOOKUP($H$19*H22,Data!$C$1:$X$81,21,FALSE)*25)=TRUE,VLOOKUP($H$19*H22,Data!$C$1:$X$81,21,FALSE)*25,0) -> 136675 | M22: =J22/I22 -> 0.049682694 | N22: =IF(L22<0, IF(K22<0,K22/L22,-10),IF(K22<0,10,L22/K22)) -> 0.062803708 | O22: 3 | P22: =IF(ISNUMBER(VLOOKUP($O$19*O22,Data!$C$1:$D$81,2,FALSE)*25)=TRUE,VLOOKUP($O$19*O22,Data!$C$1:$D$81,2,FALSE)*25,0) -> 5051650 | Q22: =IF(ISNUMBER(VLOOKUP($O$19*O22,Data!$C$1:$X$81,22,FALSE)*25)=TRUE,VLOOKUP($O$19*O22,Data!$C$1:$X$81,22,FALSE)*25,0) -> 737650 | R22: =IF(ISNUMBER(VLOOKUP($O$19*O22,Data!$C$1:$X$81,3,FALSE)*25)=TRUE,VLOOKUP($O$19*O22,Data!$C$1:$X$81,3,FALSE)*25,0) -> 3428900 | S22: =IF(ISNUMBER(VLOOKUP($O$19*O22,Data!$C$1:$X$81,21,FALSE)*25)=TRUE,VLOOKUP($O$19*O22,Data!$C$1:$X$81,21,FALSE)*25,0) -> 640975 | T22: =Q22/P22 -> 0.1460216 | U22: =IF(S22<0, IF(R22<0,R22/S22,-10),IF(R22<0,10,S22/R22)) -> 0.18693313 | V22: 3 | W22: =IF(ISNUMBER(VLOOKUP($V$19*V22,Data!$C$1:$D$81,2,FALSE)*25)=TRUE,VLOOKUP($V$19*V22,Data!$C$1:$D$81,2,FALSE)*25,0) -> 5313500 | X22: =IF(ISNUMBER(VLOOKUP($V$19*V22,Data!$C$1:$X$81,22,FALSE)*25)=TRUE,VLOOKUP($V$19*V22,Data!$C$1:$X$81,22,FALSE)*25,0) -> 1554150 | Y22: =IF(ISNUMBER(VLOOKUP($V$19*V22,Data!$C$1:$X$81,3,FALSE)*25)=TRUE,VLOOKUP($V$19*V22,Data!$C$1:$X$81,3,FALSE)*25,0) -> 4368475 | Z22: =IF(ISNUMBER(VLOOKUP($V$19*V22,Data!$C$1:$X$81,21,FALSE)*25)=TRUE,VLOOKUP($V$19*V22,Data!$C$1:$X$81,21,FALSE)*25,0) -> 1532200 | AA22: =X22/W22 -> 0.29249083 | AB22: =IF(Z22<0, IF(Y22<0,Y22/Z22,-10),IF(Y22<0,10,Z22/Y22)) -> 0.35074025 | AC22: 3 | AD22: =IF(ISNUMBER(VLOOKUP($AC$19*AC22,Data!$C$1:$D$161,2,FALSE)*25)=TRUE,VLOOKUP($AC$19*AC22,Data!$C$1:$D$161,2,FALSE)*25,0) -> 16722800 | AE22: =IF(ISNUMBER(VLOOKUP($AC$19*AC22,Data!$C$1:$X$161,22,FALSE)*25)=TRUE,VLOOKUP($AC$19*AC22,Data!$C$1:$X$161,22,FALSE)*25,0) -> 7115275 | AF22: =IF(ISNUMBER(VLOOKUP($AC$19*AC22,Data!$C$1:$X$161,3,FALSE)*25)=TRUE,VLOOKUP($AC$19*AC22,Data!$C$1:$X$161,3,FALSE)*25,0) -> 14439850 | AG22: =IF(ISNUMBER(VLOOKUP($AC$19*AC22,Data!$C$1:$X$161,21,FALSE)*25)=TRUE,VLOOKUP($AC$19*AC22,Data!$C$1:$X$161,21,FALSE)*25,0) -> 7009725 | AH22: =AE22/AD22 -> 0.42548347 | AI22: =IF(AG22<0, IF(AF22<0,AF22/AG22,-10),IF(AF22<0,10,AG22/AF22)) -> 0.48544306
A23: 4 | B23: =IF(ISNUMBER(VLOOKUP($A$19*A23,Data!$C$1:$D$81,2,FALSE)*25)=TRUE,VLOOKUP($A$19*A23,Data!$C$1:$D$81,2,FALSE)*25,0) -> 0 | C23: =IF(ISNUMBER(VLOOKUP($A$19*A23,Data!$C$1:$X$81,22,FALSE)*25)=TRUE,VLOOKUP($A$19*A23,Data!$C$1:$X$81,22,FALSE)*25,0) -> 0 | D23: =IF(ISNUMBER(VLOOKUP($A$19*A23,Data!$C$1:$X$81,3,FALSE)*25)=TRUE,VLOOKUP($A$19*A23,Data!$C$1:$X$81,3,FALSE)*25,0) -> 0 | E23: =IF(ISNUMBER(VLOOKUP($A$19*A23,Data!$C$1:$X$81,21,FALSE)*25)=TRUE,VLOOKUP($A$19*A23,Data!$C$1:$X$81,21,FALSE)*25,0) -> 0 | F23: =C23/B23 -> #DIV/0! | G23: =IF(E23<0, IF(D23<0,D23/E23,-10),IF(D23<0,10,E23/D23)) -> #DIV/0! | H23: 4 | I23: =IF(ISNUMBER(VLOOKUP($H$19*H23,Data!$C$1:$D$81,2,FALSE)*25)=TRUE,VLOOKUP($H$19*H23,Data!$C$1:$D$81,2,FALSE)*25,0) -> 3060925 | J23: =IF(ISNUMBER(VLOOKUP($H$19*H23,Data!$C$1:$X$81,22,FALSE)*25)=TRUE,VLOOKUP($H$19*H23,Data!$C$1:$X$81,22,FALSE)*25,0) -> 152075 | K23: =IF(ISNUMBER(VLOOKUP($H$19*H23,Data!$C$1:$X$81,3,FALSE)*25)=TRUE,VLOOKUP($H$19*H23,Data!$C$1:$X$81,3,FALSE)*25,0) -> 2176225 | L23: =IF(ISNUMBER(VLOOKUP($H$19*H23,Data!$C$1:$X$81,21,FALSE)*25)=TRUE,VLOOKUP($H$19*H23,Data!$C$1:$X$81,21,FALSE)*25,0) -> 136675 | M23: =J23/I23 -> 0.049682694 | N23: =IF(L23<0, IF(K23<0,K23/L23,-10),IF(K23<0,10,L23/K23)) -> 0.062803708 | O23: 4 | P23: =IF(ISNUMBER(VLOOKUP($O$19*O23,Data!$C$1:$D$81,2,FALSE)*25)=TRUE,VLOOKUP($O$19*O23,Data!$C$1:$D$81,2,FALSE)*25,0) -> 5051650 | Q23: =IF(ISNUMBER(VLOOKUP($O$19*O23,Data!$C$1:$X$81,22,FALSE)*25)=TRUE,VLOOKUP($O$19*O23,Data!$C$1:$X$81,22,FALSE)*25,0) -> 737650 | R23: =IF(ISNUMBER(VLOOKUP($O$19*O23,Data!$C$1:$X$81,3,FALSE)*25)=TRUE,VLOOKUP($O$19*O23,Data!$C$1:$X$81,3,FALSE)*25,0) -> 3428900 | S23: =IF(ISNUMBER(VLOOKUP($O$19*O23,Data!$C$1:$X$81,21,FALSE)*25)=TRUE,VLOOKUP($O$19*O23,Data!$C$1:$X$81,21,FALSE)*25,0) -> 640975 | T23: =Q23/P23 -> 0.1460216 | U23: =IF(S23<0, IF(R23<0,R23/S23,-10),IF(R23<0,10,S23/R23)) -> 0.18693313 | V23: 4 | W23: =IF(ISNUMBER(VLOOKUP($V$19*V23,Data!$C$1:$D$81,2,FALSE)*25)=TRUE,VLOOKUP($V$19*V23,Data!$C$1:$D$81,2,FALSE)*25,0) -> 5313500 | X23: =IF(ISNUMBER(VLOOKUP($V$19*V23,Data!$C$1:$X$81,22,FALSE)*25)=TRUE,VLOOKUP($V$19*V23,Data!$C$1:$X$81,22,FALSE)*25,0) -> 1554150 | Y23: =IF(ISNUMBER(VLOOKUP($V$19*V23,Data!$C$1:$X$81,3,FALSE)*25)=TRUE,VLOOKUP($V$19*V23,Data!$C$1:$X$81,3,FALSE)*25,0) -> 4368475 | Z23: =IF(ISNUMBER(VLOOKUP($V$19*V23,Data!$C$1:$X$81,21,FALSE)*25)=TRUE,VLOOKUP($V$19*V23,Data!$C$1:$X$81,21,FALSE)*25,0) -> 1532200 | AA23: =X23/W23 -> 0.29249083 | AB23: =IF(Z23<0, IF(Y23<0,Y23/Z23,-10),IF(Y23<0,10,Z23/Y23)) -> 0.35074025 | AC23: 4 | AD23: =IF(ISNUMBER(VLOOKUP($AC$19*AC23,Data!$C$1:$D$161,2,FALSE)*25)=TRUE,VLOOKUP($AC$19*AC23,Data!$C$1:$D$161,2,FALSE)*25,0) -> 16722800 | AE23: =IF(ISNUMBER(VLOOKUP($AC$19*AC23,Data!$C$1:$X$161,22,FALSE)*25)=TRUE,VLOOKUP($AC$19*AC23,Data!$C$1:$X$161,22,FALSE)*25,0) -> 7115275 | AF23: =IF(ISNUMBER(VLOOKUP($AC$19*AC23,Data!$C$1:$X$161,3,FALSE)*25)=TRUE,VLOOKUP($AC$19*AC23,Data!$C$1:$X$161,3,FALSE)*25,0) -> 14439850 | AG23: =IF(ISNUMBER(VLOOKUP($AC$19*AC23,Data!$C$1:$X$161,21,FALSE)*25)=TRUE,VLOOKUP($AC$19*AC23,Data!$C$1:$X$161,21,FALSE)*25,0) -> 7009725 | AH23: =AE23/AD23 -> 0.42548347 | AI23: =IF(AG23<0, IF(AF23<0,AF23/AG23,-10),IF(AF23<0,10,AG23/AF23)) -> 0.48544306
A24: 5 | B24: =IF(ISNUMBER(VLOOKUP($A$19*A24,Data!$C$1:$D$81,2,FALSE)*25)=TRUE,VLOOKUP($A$19*A24,Data!$C$1:$D$81,2,FALSE)*25,0) -> 0 | C24: =IF(ISNUMBER(VLOOKUP($A$19*A24,Data!$C$1:$X$81,22,FALSE)*25)=TRUE,VLOOKUP($A$19*A24,Data!$C$1:$X$81,22,FALSE)*25,0) -> 0 | D24: =IF(ISNUMBER(VLOOKUP($A$19*A24,Data!$C$1:$X$81,3,FALSE)*25)=TRUE,VLOOKUP($A$19*A24,Data!$C$1:$X$81,3,FALSE)*25,0) -> 0 | E24: =IF(ISNUMBER(VLOOKUP($A$19*A24,Data!$C$1:$X$81,21,FALSE)*25)=TRUE,VLOOKUP($A$19*A24,Data!$C$1:$X$81,21,FALSE)*25,0) -> 0 | F24: =C24/B24 -> #DIV/0! | G24: =IF(E24<0, IF(D24<0,D24/E24,-10),IF(D24<0,10,E24/D24)) -> #DIV/0! | H24: 5 | I24: =IF(ISNUMBER(VLOOKUP($H$19*H24,Data!$C$1:$D$81,2,FALSE)*25)=TRUE,VLOOKUP($H$19*H24,Data!$C$1:$D$81,2,FALSE)*25,0) -> 2945275 | J24: =IF(ISNUMBER(VLOOKUP($H$19*H24,Data!$C$1:$X$81,22,FALSE)*25)=TRUE,VLOOKUP($H$19*H24,Data!$C$1:$X$81,22,FALSE)*25,0) -> 139750 | K24: =IF(ISNUMBER(VLOOKUP($H$19*H24,Data!$C$1:$X$81,3,FALSE)*25)=TRUE,VLOOKUP($H$19*H24,Data!$C$1:$X$81,3,FALSE)*25,0) -> 2060575 | L24: =IF(ISNUMBER(VLOOKUP($H$19*H24,Data!$C$1:$X$81,21,FALSE)*25)=TRUE,VLOOKUP($H$19*H24,Data!$C$1:$X$81,21,FALSE)*25,0) -> 124350 | M24: =J24/I24 -> 0.04744888 | N24: =IF(L24<0, IF(K24<0,K24/L24,-10),IF(K24<0,10,L24/K24)) -> 0.060347233 | O24: 5 | P24: =IF(ISNUMBER(VLOOKUP($O$19*O24,Data!$C$1:$D$81,2,FALSE)*25)=TRUE,VLOOKUP($O$19*O24,Data!$C$1:$D$81,2,FALSE)*25,0) -> 5353325 | Q24: =IF(ISNUMBER(VLOOKUP($O$19*O24,Data!$C$1:$X$81,22,FALSE)*25)=TRUE,VLOOKUP($O$19*O24,Data!$C$1:$X$81,22,FALSE)*25,0) -> 685925 | R24: =IF(ISNUMBER(VLOOKUP($O$19*O24,Data!$C$1:$X$81,3,FALSE)*25)=TRUE,VLOOKUP($O$19*O24,Data!$C$1:$X$81,3,FALSE)*25,0) -> 3730575 | S24: =IF(ISNUMBER(VLOOKUP($O$19*O24,Data!$C$1:$X$81,21,FALSE)*25)=TRUE,VLOOKUP($O$19*O24,Data!$C$1:$X$81,21,FALSE)*25,0) -> 589250 | T24: =Q24/P24 -> 0.12813065 | U24: =IF(S24<0, IF(R24<0,R24/S24,-10),IF(R24<0,10,S24/R24)) -> 0.15795152 | V24: 5 | W24: =IF(ISNUMBER(VLOOKUP($V$19*V24,Data!$C$1:$D$81,2,FALSE)*25)=TRUE,VLOOKUP($V$19*V24,Data!$C$1:$D$81,2,FALSE)*25,0) -> 5952350 | X24: =IF(ISNUMBER(VLOOKUP($V$19*V24,Data!$C$1:$X$81,22,FALSE)*25)=TRUE,VLOOKUP($V$19*V24,Data!$C$1:$X$81,22,FALSE)*25,0) -> 1087050 | Y24: =IF(ISNUMBER(VLOOKUP($V$19*V24,Data!$C$1:$X$81,3,FALSE)*25)=TRUE,VLOOKUP($V$19*V24,Data!$C$1:$X$81,3,FALSE)*25,0) -> 5007325 | Z24: =IF(ISNUMBER(VLOOKUP($V$19*V24,Data!$C$1:$X$81,21,FALSE)*25)=TRUE,VLOOKUP($V$19*V24,Data!$C$1:$X$81,21,FALSE)*25,0) -> 1065100 | AA24: =X24/W24 -> 0.18262535 | AB24: =IF(Z24<0, IF(Y24<0,Y24/Z24,-10),IF(Y24<0,10,Z24/Y24)) -> 0.21270838 | AC24: 5 | AD24: =IF(ISNUMBER(VLOOKUP($AC$19*AC24,Data!$C$1:$D$161,2,FALSE)*25)=TRUE,VLOOKUP($AC$19*AC24,Data!$C$1:$D$161,2,FALSE)*25,0) -> 18201300 | AE24: =IF(ISNUMBER(VLOOKUP($AC$19*AC24,Data!$C$1:$X$161,22,FALSE)*25)=TRUE,VLOOKUP($AC$19*AC24,Data!$C$1:$X$161,22,FALSE)*25,0) -> 5820400 | AF24: =IF(ISNUMBER(VLOOKUP($AC$19*AC24,Data!$C$1:$X$161,3,FALSE)*25)=TRUE,VLOOKUP($AC$19*AC24,Data!$C$1:$X$161,3,FALSE)*25,0) -> 15918350 | AG24: =IF(ISNUMBER(VLOOKUP($AC$19*AC24,Data!$C$1:$X$161,21,FALSE)*25)=TRUE,VLOOKUP($AC$19*AC24,Data!$C$1:$X$161,21,FALSE)*25,0) -> 5714850 | AH24: =AE24/AD24 -> 0.31977936 | AI24: =IF(AG24<0, IF(AF24<0,AF24/AG24,-10),IF(AF24<0,10,AG24/AF24)) -> 0.3590102
A25: 6 | B25: =IF(ISNUMBER(VLOOKUP($A$19*A25,Data!$C$1:$D$81,2,FALSE)*25)=TRUE,VLOOKUP($A$19*A25,Data!$C$1:$D$81,2,FALSE)*25,0) -> 0 | C25: =IF(ISNUMBER(VLOOKUP($A$19*A25,Data!$C$1:$X$81,22,FALSE)*25)=TRUE,VLOOKUP($A$19*A25,Data!$C$1:$X$81,22,FALSE)*25,0) -> 0 | D25: =IF(ISNUMBER(VLOOKUP($A$19*A25,Data!$C$1:$X$81,3,FALSE)*25)=TRUE,VLOOKUP($A$19*A25,Data!$C$1:$X$81,3,FALSE)*25,0) -> 0 | E25: =IF(ISNUMBER(VLOOKUP($A$19*A25,Data!$C$1:$X$81,21,FALSE)*25)=TRUE,VLOOKUP($A$19*A25,Data!$C$1:$X$81,21,FALSE)*25,0) -> 0 | F25: =C25/B25 -> #DIV/0! | G25: =IF(E25<0, IF(D25<0,D25/E25,-10),IF(D25<0,10,E25/D25)) -> #DIV/0! | H25: 6 | I25: =IF(ISNUMBER(VLOOKUP($H$19*H25,Data!$C$1:$D$81,2,FALSE)*25)=TRUE,VLOOKUP($H$19*H25,Data!$C$1:$D$81,2,FALSE)*25,0) -> 3064975 | J25: =IF(ISNUMBER(VLOOKUP($H$19*H25,Data!$C$1:$X$81,22,FALSE)*25)=TRUE,VLOOKUP($H$19*H25,Data!$C$1:$X$81,22,FALSE)*25,0) -> 132250 | K25: =IF(ISNUMBER(VLOOKUP($H$19*H25,Data!$C$1:$X$81,3,FALSE)*25)=TRUE,VLOOKUP($H$19*H25,Data!$C$1:$X$81,3,FALSE)*25,0) -> 2180275 | L25: =IF(ISNUMBER(VLOOKUP($H$19*H25,Data!$C$1:$X$81,21,FALSE)*25)=TRUE,VLOOKUP($H$19*H25,Data!$C$1:$X$81,21,FALSE)*25,0) -> 116850 | M25: =J25/I25 -> 0.043148802 | N25: =IF(L25<0, IF(K25<0,K25/L25,-10),IF(K25<0,10,L25/K25)) -> 0.053594157 | O25: 6 | P25: =IF(ISNUMBER(VLOOKUP($O$19*O25,Data!$C$1:$D$81,2,FALSE)*25)=TRUE,VLOOKUP($O$19*O25,Data!$C$1:$D$81,2,FALSE)*25,0) -> 5409875 | Q25: =IF(ISNUMBER(VLOOKUP($O$19*O25,Data!$C$1:$X$81,22,FALSE)*25)=TRUE,VLOOKUP($O$19*O25,Data!$C$1:$X$81,22,FALSE)*25,0) -> 641700 | R25: =IF(ISNUMBER(VLOOKUP($O$19*O25,Data!$C$1:$X$81,3,FALSE)*25)=TRUE,VLOOKUP($O$19*O25,Data!$C$1:$X$81,3,FALSE)*25,0) -> 3787125 | S25: =IF(ISNUMBER(VLOOKUP($O$19*O25,Data!$C$1:$X$81,21,FALSE)*25)=TRUE,VLOOKUP($O$19*O25,Data!$C$1:$X$81,21,FALSE)*25,0) -> 545025 | T25: =Q25/P25 -> 0.11861642 | U25: =IF(S25<0, IF(R25<0,R25/S25,-10),IF(R25<0,10,S25/R25)) -> 0.14391524 | V25: 6 | W25: =IF(ISNUMBER(VLOOKUP($V$19*V25,Data!$C$1:$D$81,2,FALSE)*25)=TRUE,VLOOKUP($V$19*V25,Data!$C$1:$D$81,2,FALSE)*25,0) -> 5979750 | X25: =IF(ISNUMBER(VLOOKUP($V$19*V25,Data!$C$1:$X$81,22,FALSE)*25)=TRUE,VLOOKUP($V$19*V25,Data!$C$1:$X$81,22,FALSE)*25,0) -> 935050 | Y25: =IF(ISNUMBER(VLOOKUP($V$19*V25,Data!$C$1:$X$81,3,FALSE)*25)=TRUE,VLOOKUP($V$19*V25,Data!$C$1:$X$81,3,FALSE)*25,0) -> 5034725 | Z25: =IF(ISNUMBER(VLOOKUP($V$19*V25,Data!$C$1:$X$81,21,FALSE)*25)=TRUE,VLOOKUP($V$19*V25,Data!$C$1:$X$81,21,FALSE)*25,0) -> 913100 | AA25: =X25/W25 -> 0.15636941 | AB25: =IF(Z25<0, IF(Y25<0,Y25/Z25,-10),IF(Y25<0,10,Z25/Y25)) -> 0.18136045 | AC25: 6 | AD25: =IF(ISNUMBER(VLOOKUP($AC$19*AC25,Data!$C$1:$D$161,2,FALSE)*25)=TRUE,VLOOKUP($AC$19*AC25,Data!$C$1:$D$161,2,FALSE)*25,0) -> 16975400 | AE25: =IF(ISNUMBER(VLOOKUP($AC$19*AC25,Data!$C$1:$X$161,22,FALSE)*25)=TRUE,VLOOKUP($AC$19*AC25,Data!$C$1:$X$161,22,FALSE)*25,0) -> 4999675 | AF25: =IF(ISNUMBER(VLOOKUP($AC$19*AC25,Data!$C$1:$X$161,3,FALSE)*25)=TRUE,VLOOKUP($AC$19*AC25,Data!$C$1:$X$161,3,FALSE)*25,0) -> 14692450 | AG25: =IF(ISNUMBER(VLOOKUP($AC$19*AC25,Data!$C$1:$X$161,21,FALSE)*25)=TRUE,VLOOKUP($AC$19*AC25,Data!$C$1:$X$161,21,FALSE)*25,0) -> 4894125 | AH25: =AE25/AD25 -> 0.29452472 | AI25: =IF(AG25<0, IF(AF25<0,AF25/AG25,-10),IF(AF25<0,10,AG25/AF25)) -> 0.33310476
A26: 7 | B26: =IF(ISNUMBER(VLOOKUP($A$19*A26,Data!$C$1:$D$81,2,FALSE)*25)=TRUE,VLOOKUP($A$19*A26,Data!$C$1:$D$81,2,FALSE)*25,0) -> 0 | C26: =IF(ISNUMBER(VLOOKUP($A$19*A26,Data!$C$1:$X$81,22,FALSE)*25)=TRUE,VLOOKUP($A$19*A26,Data!$C$1:$X$81,22,FALSE)*25,0) -> 0 | D26: =IF(ISNUMBER(VLOOKUP($A$19*A26,Data!$C$1:$X$81,3,FALSE)*25)=TRUE,VLOOKUP($A$19*A26,Data!$C$1:$X$81,3,FALSE)*25,0) -> 0 | E26: =IF(ISNUMBER(VLOOKUP($A$19*A26,Data!$C$1:$X$81,21,FALSE)*25)=TRUE,VLOOKUP($A$19*A26,Data!$C$1:$X$81,21,FALSE)*25,0) -> 0 | F26: =C26/B26 -> #DIV/0! | G26: =IF(E26<0, IF(D26<0,D26/E26,-10),IF(D26<0,10,E26/D26)) -> #DIV/0! | H26: 7 | I26: =IF(ISNUMBER(VLOOKUP($H$19*H26,Data!$C$1:$D$81,2,FALSE)*25)=TRUE,VLOOKUP($H$19*H26,Data!$C$1:$D$81,2,FALSE)*25,0) -> 3254600 | J26: =IF(ISNUMBER(VLOOKUP($H$19*H26,Data!$C$1:$X$81,22,FALSE)*25)=TRUE,VLOOKUP($H$19*H26,Data!$C$1:$X$81,22,FALSE)*25,0) -> 125975 | K26: =IF(ISNUMBER(VLOOKUP($H$19*H26,Data!$C$1:$X$81,3,FALSE)*25)=TRUE,VLOOKUP($H$19*H26,Data!$C$1:$X$81,3,FALSE)*25,0) -> 2369900 | L26: =IF(ISNUMBER(VLOOKUP($H$19*H26,Data!$C$1:$X$81,21,FALSE)*25)=TRUE,VLOOKUP($H$19*H26,Data!$C$1:$X$81,21,FALSE)*25,0) -> 110575 | M26: =J26/I26 -> 0.038706754 | N26: =IF(L26<0, IF(K26<0,K26/L26,-10),IF(K26<0,10,L26/K26)) -> 0.046658087 | O26: 7 | P26: =IF(ISNUMBER(VLOOKUP($O$19*O26,Data!$C$1:$D$81,2,FALSE)*25)=TRUE,VLOOKUP($O$19*O26,Data!$C$1:$D$81,2,FALSE)*25,0) -> 5323125 | Q26: =IF(ISNUMBER(VLOOKUP($O$19*O26,Data!$C$1:$X$81,22,FALSE)*25)=TRUE,VLOOKUP($O$19*O26,Data!$C$1:$X$81,22,FALSE)*25,0) -> 616750 | R26: =IF(ISNUMBER(VLOOKUP($O$19*O26,Data!$C$1:$X$81,3,FALSE)*25)=TRUE,VLOOKUP($O$19*O26,Data!$C$1:$X$81,3,FALSE)*25,0) -> 3700375 | S26: =IF(ISNUMBER(VLOOKUP($O$19*O26,Data!$C$1:$X$81,21,FALSE)*25)=TRUE,VLOOKUP($O$19*O26,Data!$C$1:$X$81,21,FALSE)*25,0) -> 520075 | T26: =Q26/P26 -> 0.11586239 | U26: =IF(S26<0, IF(R26<0,R26/S26,-10),IF(R26<0,10,S26/R26)) -> 0.14054657 | V26: 7 | W26: =IF(ISNUMBER(VLOOKUP($V$19*V26,Data!$C$1:$D$81,2,FALSE)*25)=TRUE,VLOOKUP($V$19*V26,Data!$C$1:$D$81,2,FALSE)*25,0) -> 6054775 | X26: =IF(ISNUMBER(VLOOKUP($V$19*V26,Data!$C$1:$X$81,22,FALSE)*25)=TRUE,VLOOKUP($V$19*V26,Data!$C$1:$X$81,22,FALSE)*25,0) -> 851750 | Y26: =IF(ISNUMBER(VLOOKUP($V$19*V26,Data!$C$1:$X$81,3,FALSE)*25)=TRUE,VLOOKUP($V$19*V26,Data!$C$1:$X$81,3,FALSE)*25,0) -> 5109750 | Z26: =IF(ISNUMBER(VLOOKUP($V$19*V26,Data!$C$1:$X$81,21,FALSE)*25)=TRUE,VLOOKUP($V$19*V26,Data!$C$1:$X$81,21,FALSE)*25,0) -> 829800 | AA26: =X26/W26 -> 0.1406741 | AB26: =IF(Z26<0, IF(Y26<0,Y26/Z26,-10),IF(Y26<0,10,Z26/Y26)) -> 0.16239542 | AC26: 7 | AD26: =IF(ISNUMBER(VLOOKUP($AC$19*AC26,Data!$C$1:$D$161,2,FALSE)*25)=TRUE,VLOOKUP($AC$19*AC26,Data!$C$1:$D$161,2,FALSE)*25,0) -> 16075375 | AE26: =IF(ISNUMBER(VLOOKUP($AC$19*AC26,Data!$C$1:$X$161,22,FALSE)*25)=TRUE,VLOOKUP($AC$19*AC26,Data!$C$1:$X$161,22,FALSE)*25,0) -> 4711850 | AF26: =IF(ISNUMBER(VLOOKUP($AC$19*AC26,Data!$C$1:$X$161,3,FALSE)*25)=TRUE,VLOOKUP($AC$19*AC26,Data!$C$1:$X$161,3,FALSE)*25,0) -> 13792425 | AG26: =IF(ISNUMBER(VLOOKUP($AC$19*AC26,Data!$C$1:$X$161,21,FALSE)*25)=TRUE,VLOOKUP($AC$19*AC26,Data!$C$1:$X$161,21,FALSE)*25,0) -> 4606300 | AH26: =AE26/AD26 -> 0.2931098 | AI26: =IF(AG26<0, IF(AF26<0,AF26/AG26,-10),IF(AF26<0,10,AG26/AF26)) -> 0.33397318
A27: 8 | B27: =IF(ISNUMBER(VLOOKUP($A$19*A27,Data!$C$1:$D$81,2,FALSE)*25)=TRUE,VLOOKUP($A$19*A27,Data!$C$1:$D$81,2,FALSE)*25,0) -> 0 | C27: =IF(ISNUMBER(VLOOKUP($A$19*A27,Data!$C$1:$X$81,22,FALSE)*25)=TRUE,VLOOKUP($A$19*A27,Data!$C$1:$X$81,22,FALSE)*25,0) -> 0 | D27: =IF(ISNUMBER(VLOOKUP($A$19*A27,Data!$C$1:$X$81,3,FALSE)*25)=TRUE,VLOOKUP($A$19*A27,Data!$C$1:$X$81,3,FALSE)*25,0) -> 0 | E27: =IF(ISNUMBER(VLOOKUP($A$19*A27,Data!$C$1:$X$81,21,FALSE)*25)=TRUE,VLOOKUP($A$19*A27,Data!$C$1:$X$81,21,FALSE)*25,0) -> 0 | F27: =C27/B27 -> #DIV/0! | G27: =IF(E27<0, IF(D27<0,D27/E27,-10),IF(D27<0,10,E27/D27)) -> #DIV/0! | H27: 8 | I27: =IF(ISNUMBER(VLOOKUP($H$19*H27,Data!$C$1:$D$81,2,FALSE)*25)=TRUE,VLOOKUP($H$19*H27,Data!$C$1:$D$81,2,FALSE)*25,0) -> 3229675 | J27: =IF(ISNUMBER(VLOOKUP($H$19*H27,Data!$C$1:$X$81,22,FALSE)*25)=TRUE,VLOOKUP($H$19*H27,Data!$C$1:$X$81,22,FALSE)*25,0) -> 130175 | K27: =IF(ISNUMBER(VLOOKUP($H$19*H27,Data!$C$1:$X$81,3,FALSE)*25)=TRUE,VLOOKUP($H$19*H27,Data!$C$1:$X$81,3,FALSE)*25,0) -> 2344975 | L27: =IF(ISNUMBER(VLOOKUP($H$19*H27,Data!$C$1:$X$81,21,FALSE)*25)=TRUE,VLOOKUP($H$19*H27,Data!$C$1:$X$81,21,FALSE)*25,0) -> 114775 | M27: =J27/I27 -> 0.040305913 | N27: =IF(L27<0, IF(K27<0,K27/L27,-10),IF(K27<0,10,L27/K27)) -> 0.048945085 | O27: 8 | P27: =IF(ISNUMBER(VLOOKUP($O$19*O27,Data!$C$1:$D$81,2,FALSE)*25)=TRUE,VLOOKUP($O$19*O27,Data!$C$1:$D$81,2,FALSE)*25,0) -> 5328125 | Q27: =IF(ISNUMBER(VLOOKUP($O$19*O27,Data!$C$1:$X$81,22,FALSE)*25)=TRUE,VLOOKUP($O$19*O27,Data!$C$1:$X$81,22,FALSE)*25,0) -> 608125 | R27: =IF(ISNUMBER(VLOOKUP($O$19*O27,Data!$C$1:$X$81,3,FALSE)*25)=TRUE,VLOOKUP($O$19*O27,Data!$C$1:$X$81,3,FALSE)*25,0) -> 3705375 | S27: =IF(ISNUMBER(VLOOKUP($O$19*O27,Data!$C$1:$X$81,21,FALSE)*25)=TRUE,VLOOKUP($O$19*O27,Data!$C$1:$X$81,21,FALSE)*25,0) -> 511450 | T27: =Q27/P27 -> 0.1141349 | U27: =IF(S27<0, IF(R27<0,R27/S27,-10),IF(R27<0,10,S27/R27)) -> 0.13802921 | V27: 8 | W27: =IF(ISNUMBER(VLOOKUP($V$19*V27,Data!$C$1:$D$81,2,FALSE)*25)=TRUE,VLOOKUP($V$19*V27,Data!$C$1:$D$81,2,FALSE)*25,0) -> 6403375 | X27: =IF(ISNUMBER(VLOOKUP($V$19*V27,Data!$C$1:$X$81,22,FALSE)*25)=TRUE,VLOOKUP($V$19*V27,Data!$C$1:$X$81,22,FALSE)*25,0) -> 794650 | Y27: =IF(ISNUMBER(VLOOKUP($V$19*V27,Data!$C$1:$X$81,3,FALSE)*25)=TRUE,VLOOKUP($V$19*V27,Data!$C$1:$X$81,3,FALSE)*25,0) -> 5458350 | Z27: =IF(ISNUMBER(VLOOKUP($V$19*V27,Data!$C$1:$X$81,21,FALSE)*25)=TRUE,VLOOKUP($V$19*V27,Data!$C$1:$X$81,21,FALSE)*25,0) -> 772700 | AA27: =X27/W27 -> 0.12409862 | AB27: =IF(Z27<0, IF(Y27<0,Y27/Z27,-10),IF(Y27<0,10,Z27/Y27)) -> 0.14156293 | AC27: 8 | AD27: =IF(ISNUMBER(VLOOKUP($AC$19*AC27,Data!$C$1:$D$161,2,FALSE)*25)=TRUE,VLOOKUP($AC$19*AC27,Data!$C$1:$D$161,2,FALSE)*25,0) -> 15656025 | AE27: =IF(ISNUMBER(VLOOKUP($AC$19*AC27,Data!$C$1:$X$161,22,FALSE)*25)=TRUE,VLOOKUP($AC$19*AC27,Data!$C$1:$X$161,22,FALSE)*25,0) -> 4613775 | AF27: =IF(ISNUMBER(VLOOKUP($AC$19*AC27,Data!$C$1:$X$161,3,FALSE)*25)=TRUE,VLOOKUP($AC$19*AC27,Data!$C$1:$X$161,3,FALSE)*25,0) -> 13373075 | AG27: =IF(ISNUMBER(VLOOKUP($AC$19*AC27,Data!$C$1:$X$161,21,FALSE)*25)=TRUE,VLOOKUP($AC$19*AC27,Data!$C$1:$X$161,21,FALSE)*25,0) -> 4508225 | AH27: =AE27/AD27 -> 0.29469645 | AI27: =IF(AG27<0, IF(AF27<0,AF27/AG27,-10),IF(AF27<0,10,AG27/AF27)) -> 0.33711207
AC28: 9 | AD28: =IF(ISNUMBER(VLOOKUP($AC$19*AC28,Data!$C$1:$D$161,2,FALSE)*25)=TRUE,VLOOKUP($AC$19*AC28,Data!$C$1:$D$161,2,FALSE)*25,0) -> 17988450 | AE28: =IF(ISNUMBER(VLOOKUP($AC$19*AC28,Data!$C$1:$X$161,22,FALSE)*25)=TRUE,VLOOKUP($AC$19*AC28,Data!$C$1:$X$161,22,FALSE)*25,0) -> 5542800 | AF28: =IF(ISNUMBER(VLOOKUP($AC$19*AC28,Data!$C$1:$X$161,3,FALSE)*25)=TRUE,VLOOKUP($AC$19*AC28,Data!$C$1:$X$161,3,FALSE)*25,0) -> 15705500 | AG28: =IF(ISNUMBER(VLOOKUP($AC$19*AC28,Data!$C$1:$X$161,21,FALSE)*25)=TRUE,VLOOKUP($AC$19*AC28,Data!$C$1:$X$161,21,FALSE)*25,0) -> 5437250 | AH28: =AE28/AD28 -> 0.30813105 | AI28: =IF(AG28<0, IF(AF28<0,AF28/AG28,-10),IF(AF28<0,10,AG28/AF28)) -> 0.34620038
AC29: 10 | AD29: =IF(ISNUMBER(VLOOKUP($AC$19*AC29,Data!$C$1:$D$161,2,FALSE)*25)=TRUE,VLOOKUP($AC$19*AC29,Data!$C$1:$D$161,2,FALSE)*25,0) -> 17929750 | AE29: =IF(ISNUMBER(VLOOKUP($AC$19*AC29,Data!$C$1:$X$161,22,FALSE)*25)=TRUE,VLOOKUP($AC$19*AC29,Data!$C$1:$X$161,22,FALSE)*25,0) -> 5661975 | AF29: =IF(ISNUMBER(VLOOKUP($AC$19*AC29,Data!$C$1:$X$161,3,FALSE)*25)=TRUE,VLOOKUP($AC$19*AC29,Data!$C$1:$X$161,3,FALSE)*25,0) -> 15646800 | AG29: =IF(ISNUMBER(VLOOKUP($AC$19*AC29,Data!$C$1:$X$161,21,FALSE)*25)=TRUE,VLOOKUP($AC$19*AC29,Data!$C$1:$X$161,21,FALSE)*25,0) -> 5556425 | AH29: =AE29/AD29 -> 0.31578661 | AI29: =IF(AG29<0, IF(AF29<0,AF29/AG29,-10),IF(AF29<0,10,AG29/AF29)) -> 0.35511574
AC30: 11 | AD30: =IF(ISNUMBER(VLOOKUP($AC$19*AC30,Data!$C$1:$D$161,2,FALSE)*25)=TRUE,VLOOKUP($AC$19*AC30,Data!$C$1:$D$161,2,FALSE)*25,0) -> 16975550 | AE30: =IF(ISNUMBER(VLOOKUP($AC$19*AC30,Data!$C$1:$X$161,22,FALSE)*25)=TRUE,VLOOKUP($AC$19*AC30,Data!$C$1:$X$161,22,FALSE)*25,0) -> 5973775 | AF30: =IF(ISNUMBER(VLOOKUP($AC$19*AC30,Data!$C$1:$X$161,3,FALSE)*25)=TRUE,VLOOKUP($AC$19*AC30,Data!$C$1:$X$161,3,FALSE)*25,0) -> 14692600 | AG30: =IF(ISNUMBER(VLOOKUP($AC$19*AC30,Data!$C$1:$X$161,21,FALSE)*25)=TRUE,VLOOKUP($AC$19*AC30,Data!$C$1:$X$161,21,FALSE)*25,0) -> 5868225 | AH30: =AE30/AD30 -> 0.35190465 | AI30: =IF(AG30<0, IF(AF30<0,AF30/AG30,-10),IF(AF30<0,10,AG30/AF30)) -> 0.39940004
AC31: 12 | AD31: =IF(ISNUMBER(VLOOKUP($AC$19*AC31,Data!$C$1:$D$161,2,FALSE)*25)=TRUE,VLOOKUP($AC$19*AC31,Data!$C$1:$D$161,2,FALSE)*25,0) -> 16439975 | AE31: =IF(ISNUMBER(VLOOKUP($AC$19*AC31,Data!$C$1:$X$161,22,FALSE)*25)=TRUE,VLOOKUP($AC$19*AC31,Data!$C$1:$X$161,22,FALSE)*25,0) -> 6688975 | AF31: =IF(ISNUMBER(VLOOKUP($AC$19*AC31,Data!$C$1:$X$161,3,FALSE)*25)=TRUE,VLOOKUP($AC$19*AC31,Data!$C$1:$X$161,3,FALSE)*25,0) -> 14157025 | AG31: =IF(ISNUMBER(VLOOKUP($AC$19*AC31,Data!$C$1:$X$161,21,FALSE)*25)=TRUE,VLOOKUP($AC$19*AC31,Data!$C$1:$X$161,21,FALSE)*25,0) -> 6583425 | AH31: =AE31/AD31 -> 0.40687258 | AI31: =IF(AG31<0, IF(AF31<0,AF31/AG31,-10),IF(AF31<0,10,AG31/AF31)) -> 0.46502885
AC32: 13 | AD32: =IF(ISNUMBER(VLOOKUP($AC$19*AC32,Data!$C$1:$D$161,2,FALSE)*25)=TRUE,VLOOKUP($AC$19*AC32,Data!$C$1:$D$161,2,FALSE)*25,0) -> 16312175 | AE32: =IF(ISNUMBER(VLOOKUP($AC$19*AC32,Data!$C$1:$X$161,22,FALSE)*25)=TRUE,VLOOKUP($AC$19*AC32,Data!$C$1:$X$161,22,FALSE)*25,0) -> 7088725 | AF32: =IF(ISNUMBER(VLOOKUP($AC$19*AC32,Data!$C$1:$X$161,3,FALSE)*25)=TRUE,VLOOKUP($AC$19*AC32,Data!$C$1:$X$161,3,FALSE)*25,0) -> 14029225 | AG32: =IF(ISNUMBER(VLOOKUP($AC$19*AC32,Data!$C$1:$X$161,21,FALSE)*25)=TRUE,VLOOKUP($AC$19*AC32,Data!$C$1:$X$161,21,FALSE)*25,0) -> 6983175 | AH32: =AE32/AD32 -> 0.43456651 | AI32: =IF(AG32<0, IF(AF32<0,AF32/AG32,-10),IF(AF32<0,10,AG32/AF32)) -> 0.49775914
AC33: 14 | AD33: =IF(ISNUMBER(VLOOKUP($AC$19*AC33,Data!$C$1:$D$161,2,FALSE)*25)=TRUE,VLOOKUP($AC$19*AC33,Data!$C$1:$D$161,2,FALSE)*25,0) -> 14714325 | AE33: =IF(ISNUMBER(VLOOKUP($AC$19*AC33,Data!$C$1:$X$161,22,FALSE)*25)=TRUE,VLOOKUP($AC$19*AC33,Data!$C$1:$X$161,22,FALSE)*25,0) -> 6843325 | AF33: =IF(ISNUMBER(VLOOKUP($AC$19*AC33,Data!$C$1:$X$161,3,FALSE)*25)=TRUE,VLOOKUP($AC$19*AC33,Data!$C$1:$X$161,3,FALSE)*25,0) -> 12431375 | AG33: =IF(ISNUMBER(VLOOKUP($AC$19*AC33,Data!$C$1:$X$161,21,FALSE)*25)=TRUE,VLOOKUP($AC$19*AC33,Data!$C$1:$X$161,21,FALSE)*25,0) -> 6737775 | AH33: =AE33/AD33 -> 0.4650791 | AI33: =IF(AG33<0, IF(AF33<0,AF33/AG33,-10),IF(AF33<0,10,AG33/AF33)) -> 0.54199757
AC34: 15 | AD34: =IF(ISNUMBER(VLOOKUP($AC$19*AC34,Data!$C$1:$D$161,2,FALSE)*25)=TRUE,VLOOKUP($AC$19*AC34,Data!$C$1:$D$161,2,FALSE)*25,0) -> 14172975 | AE34: =IF(ISNUMBER(VLOOKUP($AC$19*AC34,Data!$C$1:$X$161,22,FALSE)*25)=TRUE,VLOOKUP($AC$19*AC34,Data!$C$1:$X$161,22,FALSE)*25,0) -> 6378875 | AF34: =IF(ISNUMBER(VLOOKUP($AC$19*AC34,Data!$C$1:$X$161,3,FALSE)*25)=TRUE,VLOOKUP($AC$19*AC34,Data!$C$1:$X$161,3,FALSE)*25,0) -> 11890025 | AG34: =IF(ISNUMBER(VLOOKUP($AC$19*AC34,Data!$C$1:$X$161,21,FALSE)*25)=TRUE,VLOOKUP($AC$19*AC34,Data!$C$1:$X$161,21,FALSE)*25,0) -> 6273325 | AH34: =AE34/AD34 -> 0.45007311 | AI34: =IF(AG34<0, IF(AF34<0,AF34/AG34,-10),IF(AF34<0,10,AG34/AF34)) -> 0.52761243
AC35: 16 | AD35: =IF(ISNUMBER(VLOOKUP($AC$19*AC35,Data!$C$1:$D$161,2,FALSE)*25)=TRUE,VLOOKUP($AC$19*AC35,Data!$C$1:$D$161,2,FALSE)*25,0) -> 15196175 | AE35: =IF(ISNUMBER(VLOOKUP($AC$19*AC35,Data!$C$1:$X$161,22,FALSE)*25)=TRUE,VLOOKUP($AC$19*AC35,Data!$C$1:$X$161,22,FALSE)*25,0) -> 4482825 | AF35: =IF(ISNUMBER(VLOOKUP($AC$19*AC35,Data!$C$1:$X$161,3,FALSE)*25)=TRUE,VLOOKUP($AC$19*AC35,Data!$C$1:$X$161,3,FALSE)*25,0) -> 12913225 | AG35: =IF(ISNUMBER(VLOOKUP($AC$19*AC35,Data!$C$1:$X$161,21,FALSE)*25)=TRUE,VLOOKUP($AC$19*AC35,Data!$C$1:$X$161,21,FALSE)*25,0) -> 4377275 | AH35: =AE35/AD35 -> 0.29499693 | AI35: =IF(AG35<0, IF(AF35<0,AF35/AG35,-10),IF(AF35<0,10,AG35/AF35)) -> 0.33897613
A37: Mid PCR | E37: Immediate
A38: S.no | B38: Call OI | C38: Put OI | D38: Ratio M | E38: Call OI | F38: Put OI | G38: Ratio I | H38: Ratio T | J38: s.no | K38: Price | L38: Call value | M38: Put value | N38: Difference | O38: Time value call | P38: Time value put | T38: Price | U38: ln(S0/K) | V38: sigma | W38: (r+σ2/2)t | X38: σ√t | Y38: D1 | Z38: D2 | AA38: N(D1) | AB38: N(D2) | AC38: e-rt | AD38: Call | AE38: sigma | AF38: (r+σ2/2)t | AG38: σ√t | AH38: D1 | AI38: D2 | AJ38: N(-D1) | AK38: N(-D2) | AL38: Put | AM38: deviation call | AN38: deviation Put
A39: 1 | B39: =(IF(ISNUMBER(VLOOKUP($A$1*A39,Data!$C$2:$X$81,2,FALSE))=TRUE,VLOOKUP($A$1*A39,Data!$C$2:$X$81,2,FALSE),0)*Entry!$E$2+ IF(ISNUMBER(VLOOKUP($H$1*A39,Data!$C$2:$X$81,2,FALSE))=TRUE,VLOOKUP($H$1*A39,Data!$C$2:$X$81,2,FALSE),0)*Entry!$E$3+IF(ISNUMBER(VLOOKUP($O$1*A39,Data!$C$2:$X$81,2,FALSE))=TRUE,VLOOKUP($O$1*A39,Data!$C$2:$X$81,2,FALSE),0)*Entry!$E$4+IF(ISNUMBER(VLOOKUP($V$1*A39,Data!$C$2:$X$81,2,FALSE))=TRUE,VLOOKUP($V$1*A39,Data!$C$2:$X$81,2,FALSE),0)*Entry!$E$5+IF(ISNUMBER(VLOOKUP($AC$1*A39,Data!$C$2:$X$81,2,FALSE))=TRUE,VLOOKUP($AC$1*A39,Data!$C$2:$X$81,2,FALSE),0)*Entry!$E$6+IF(ISNUMBER(VLOOKUP($AC$19*A39,Data!$C$2:$X$81,2,FALSE))=TRUE,VLOOKUP($AC$19*A39,Data!$C$2:$X$81,2,FALSE),0)*Entry!$E$7+IF(ISNUMBER(VLOOKUP($V$19*A39,Data!$C$2:$X$81,2,FALSE))=TRUE,VLOOKUP($V$19*A39,Data!$C$2:$X$81,2,FALSE),0)*Entry!$E$8+IF(ISNUMBER(VLOOKUP($O$19*A39,Data!$C$2:$X$81,2,FALSE))=TRUE,VLOOKUP($O$19*A39,Data!$C$2:$X$81,2,FALSE),0)*Entry!$E$9+IF(ISNUMBER(VLOOKUP($H$19*A39,Data!$C$2:$X$81,2,FALSE))=TRUE,VLOOKUP($H$19*A39,Data!$C$2:$X$81,2,FALSE),0)*Entry!$E$10+IF(ISNUMBER(VLOOKUP($A$19*A39,Data!$C$2:$X$81,2,FALSE))=TRUE,VLOOKUP($A$19*A39,Data!$C$2:$X$81,2,FALSE),0)*Entry!$E$11)/4 -> 0 | C39: =(IF(ISNUMBER(VLOOKUP($A$1*A39,Data!$C$2:$X$81,22,FALSE))=TRUE,VLOOKUP($A$1*A39,Data!$C$2:$X$81,22,FALSE),0)*Entry!$E$2+ IF(ISNUMBER(VLOOKUP($H$1*A39,Data!$C$2:$X$81,22,FALSE))=TRUE,VLOOKUP($H$1*A39,Data!$C$2:$X$81,22,FALSE),0)*Entry!$E$3+IF(ISNUMBER(VLOOKUP($O$1*A39,Data!$C$2:$X$81,22,FALSE))=TRUE,VLOOKUP($O$1*A39,Data!$C$2:$X$81,22,FALSE),0)*Entry!$E$4+IF(ISNUMBER(VLOOKUP($V$1*A39,Data!$C$2:$X$81,22,FALSE))=TRUE,VLOOKUP($V$1*A39,Data!$C$2:$X$81,22,FALSE),0)*Entry!$E$5+IF(ISNUMBER(VLOOKUP($AC$1*A39,Data!$C$2:$X$81,22,FALSE))=TRUE,VLOOKUP($AC$1*A39,Data!$C$2:$X$81,22,FALSE),0)*Entry!$E$6+IF(ISNUMBER(VLOOKUP($AC$19*A39,Data!$C$2:$X$81,22,FALSE))=TRUE,VLOOKUP($AC$19*A39,Data!$C$2:$X$81,22,FALSE),0)*Entry!$E$7+IF(ISNUMBER(VLOOKUP($V$19*A39,Data!$C$2:$X$81,22,FALSE))=TRUE,VLOOKUP($V$19*A39,Data!$C$2:$X$81,22,FALSE),0)*Entry!$E$8+IF(ISNUMBER(VLOOKUP($O$19*A39,Data!$C$2:$X$81,22,FALSE))=TRUE,VLOOKUP($O$19*A39,Data!$C$2:$X$81,22,FALSE),0)*Entry!$E$9+IF(ISNUMBER(VLOOKUP($H$19*A39,Data!$C$2:$X$81,22,FALSE))=TRUE,VLOOKUP($H$19*A39,Data!$C$2:$X$81,22,FALSE),0)*Entry!$E$10+IF(ISNUMBER(VLOOKUP($A$19*A39,Data!$C$2:$X$81,22,FALSE))=TRUE,VLOOKUP($A$19*A39,Data!$C$2:$X$81,22,FALSE),0)*Entry!$E$11)/4 -> 0 | D39: =C39/B39 -> #DIV/0! | E39: =(IF(ISNUMBER(VLOOKUP($V$1*A39,Data!$C$2:$X$81,2,FALSE))=TRUE,VLOOKUP($V$1*A39,Data!$C$2:$X$81,2,FALSE),0)*Entry!$F$5+IF(ISNUMBER(VLOOKUP($AC$1*A39,Data!$C$2:$X$81,2,FALSE))=TRUE,VLOOKUP($AC$1*A39,Data!$C$2:$X$81,2,FALSE),0)*Entry!$F$6+IF(ISNUMBER(VLOOKUP($AC$19*A39,Data!$C$2:$X$81,2,FALSE))=TRUE,VLOOKUP($AC$19*A39,Data!$C$2:$X$81,2,FALSE),0)*Entry!$F$7+IF(ISNUMBER(VLOOKUP($V$19*A39,Data!$C$2:$X$81,2,FALSE))=TRUE,VLOOKUP($V$19*A39,Data!$C$2:$X$81,2,FALSE),0)*Entry!$F$8)/4 -> 0 | F39: =(IF(ISNUMBER(VLOOKUP($V$1*A39,Data!$C$2:$X$81,22,FALSE))=TRUE,VLOOKUP($V$1*A39,Data!$C$2:$X$81,22,FALSE),0)*Entry!$F$5+IF(ISNUMBER(VLOOKUP($AC$1*A39,Data!$C$2:$X$81,22,FALSE))=TRUE,VLOOKUP($AC$1*A39,Data!$C$2:$X$81,22,FALSE),0)*Entry!$F$6+IF(ISNUMBER(VLOOKUP($AC$19*A39,Data!$C$2:$X$81,22,FALSE))=TRUE,VLOOKUP($AC$19*A39,Data!$C$2:$X$81,22,FALSE),0)*Entry!$F$7+IF(ISNUMBER(VLOOKUP($V$19*A39,Data!$C$2:$X$81,22,FALSE))=TRUE,VLOOKUP($V$19*A39,Data!$C$2:$X$81,22,FALSE),0)*Entry!$F$8)/4 -> 0 | G39: =F39/E39 -> #DIV/0! | H39: =Entry!B4 -> 1 | J39: 1 | K39: =K40-50 -> 24350 | L39: =VLOOKUP(K39,Data!$C$1:$X$81,6,FALSE) -> 0 | M39: =VLOOKUP(K39,Data!$C$1:$X$81,18,FALSE) -> 0 | N39: =Entry!$A$8-K39 -> 218 | O39: =L39-N39 -> -218 | P39: =M39+N39 -> 218 | T39: =Entry!$A$8 -> 24568 | U39: =LN(T39/K39) -> 0.0089129336 | V39: =VLOOKUP(K39,Data!$C$1:$X$81,5,FALSE)/100 -> 0 | W39: =(Entry!$A$16+((V39)^2)/2)*Entry!$A$18 -> 0.00057534247 | X39: =V39*SQRT(Entry!$A$18) -> 0 | Y39: =(U39+W39)/X39 -> #DIV/0! | Z39: =Y39-X39 -> #DIV/0! | AA39: =_xlfn.NORM.S.DIST(Y39,TRUE) -> #DIV/0! | AB39: =_xlfn.NORM.S.DIST(Z39,TRUE) -> #DIV/0! | AC39: =EXP(-Entry!$A$16*Entry!$A$18) -> 0.99942482 | AD39: =T39*AA39-K39*AC39*AB39 -> #DIV/0! | AE39: =VLOOKUP(K39,Data!$C$1:$X$81,19,FALSE)/100 -> 0 | AF39: =(Entry!$A$16+((AE39)^2)/2)*Entry!$A$18 -> 0.00057534247 | AG39: =AE39*SQRT(Entry!$A$18) -> 0 | AH39: =(U39+AF39)/AG39 -> #DIV/0! | AI39: =AH39-AG39 -> #DIV/0! | AJ39: =_xlfn.NORM.S.DIST(-AH39,TRUE) -> #DIV/0! | AK39: =_xlfn.NORM.S.DIST(-AI39,TRUE) -> #DIV/0! | AL39: =K39*AC39*AK39-T39*AJ39 -> #DIV/0! | AM39: =(L39-AD39)/AD39 -> #DIV/0! | AN39: =(M39-AL39)/AL39 -> #DIV/0! | AO39: =K39 -> 24350
A40: 2 | B40: =(IF(ISNUMBER(VLOOKUP($A$1*A40,Data!$C$2:$X$81,2,FALSE))=TRUE,VLOOKUP($A$1*A40,Data!$C$2:$X$81,2,FALSE),0)*Entry!$E$2+ IF(ISNUMBER(VLOOKUP($H$1*A40,Data!$C$2:$X$81,2,FALSE))=TRUE,VLOOKUP($H$1*A40,Data!$C$2:$X$81,2,FALSE),0)*Entry!$E$3+IF(ISNUMBER(VLOOKUP($O$1*A40,Data!$C$2:$X$81,2,FALSE))=TRUE,VLOOKUP($O$1*A40,Data!$C$2:$X$81,2,FALSE),0)*Entry!$E$4+IF(ISNUMBER(VLOOKUP($V$1*A40,Data!$C$2:$X$81,2,FALSE))=TRUE,VLOOKUP($V$1*A40,Data!$C$2:$X$81,2,FALSE),0)*Entry!$E$5+IF(ISNUMBER(VLOOKUP($AC$1*A40,Data!$C$2:$X$81,2,FALSE))=TRUE,VLOOKUP($AC$1*A40,Data!$C$2:$X$81,2,FALSE),0)*Entry!$E$6+IF(ISNUMBER(VLOOKUP($AC$19*A40,Data!$C$2:$X$81,2,FALSE))=TRUE,VLOOKUP($AC$19*A40,Data!$C$2:$X$81,2,FALSE),0)*Entry!$E$7+IF(ISNUMBER(VLOOKUP($V$19*A40,Data!$C$2:$X$81,2,FALSE))=TRUE,VLOOKUP($V$19*A40,Data!$C$2:$X$81,2,FALSE),0)*Entry!$E$8+IF(ISNUMBER(VLOOKUP($O$19*A40,Data!$C$2:$X$81,2,FALSE))=TRUE,VLOOKUP($O$19*A40,Data!$C$2:$X$81,2,FALSE),0)*Entry!$E$9+IF(ISNUMBER(VLOOKUP($H$19*A40,Data!$C$2:$X$81,2,FALSE))=TRUE,VLOOKUP($H$19*A40,Data!$C$2:$X$81,2,FALSE),0)*Entry!$E$10+IF(ISNUMBER(VLOOKUP($A$19*A40,Data!$C$2:$X$81,2,FALSE))=TRUE,VLOOKUP($A$19*A40,Data!$C$2:$X$81,2,FALSE),0)*Entry!$E$11)/4 -> 8576753.2 | C40: =(IF(ISNUMBER(VLOOKUP($A$1*A40,Data!$C$2:$X$81,22,FALSE))=TRUE,VLOOKUP($A$1*A40,Data!$C$2:$X$81,22,FALSE),0)*Entry!$E$2+ IF(ISNUMBER(VLOOKUP($H$1*A40,Data!$C$2:$X$81,22,FALSE))=TRUE,VLOOKUP($H$1*A40,Data!$C$2:$X$81,22,FALSE),0)*Entry!$E$3+IF(ISNUMBER(VLOOKUP($O$1*A40,Data!$C$2:$X$81,22,FALSE))=TRUE,VLOOKUP($O$1*A40,Data!$C$2:$X$81,22,FALSE),0)*Entry!$E$4+IF(ISNUMBER(VLOOKUP($V$1*A40,Data!$C$2:$X$81,22,FALSE))=TRUE,VLOOKUP($V$1*A40,Data!$C$2:$X$81,22,FALSE),0)*Entry!$E$5+IF(ISNUMBER(VLOOKUP($AC$1*A40,Data!$C$2:$X$81,22,FALSE))=TRUE,VLOOKUP($AC$1*A40,Data!$C$2:$X$81,22,FALSE),0)*Entry!$E$6+IF(ISNUMBER(VLOOKUP($AC$19*A40,Data!$C$2:$X$81,22,FALSE))=TRUE,VLOOKUP($AC$19*A40,Data!$C$2:$X$81,22,FALSE),0)*Entry!$E$7+IF(ISNUMBER(VLOOKUP($V$19*A40,Data!$C$2:$X$81,22,FALSE))=TRUE,VLOOKUP($V$19*A40,Data!$C$2:$X$81,22,FALSE),0)*Entry!$E$8+IF(ISNUMBER(VLOOKUP($O$19*A40,Data!$C$2:$X$81,22,FALSE))=TRUE,VLOOKUP($O$19*A40,Data!$C$2:$X$81,22,FALSE),0)*Entry!$E$9+IF(ISNUMBER(VLOOKUP($H$19*A40,Data!$C$2:$X$81,22,FALSE))=TRUE,VLOOKUP($H$19*A40,Data!$C$2:$X$81,22,FALSE),0)*Entry!$E$10+IF(ISNUMBER(VLOOKUP($A$19*A40,Data!$C$2:$X$81,22,FALSE))=TRUE,VLOOKUP($A$19*A40,Data!$C$2:$X$81,22,FALSE),0)*Entry!$E$11)/4 -> 9871596.5 | D40: =C40/B40 -> 1.1509713 | E40: =(IF(ISNUMBER(VLOOKUP($V$1*A40,Data!$C$2:$X$81,2,FALSE))=TRUE,VLOOKUP($V$1*A40,Data!$C$2:$X$81,2,FALSE),0)*Entry!$F$5+IF(ISNUMBER(VLOOKUP($AC$1*A40,Data!$C$2:$X$81,2,FALSE))=TRUE,VLOOKUP($AC$1*A40,Data!$C$2:$X$81,2,FALSE),0)*Entry!$F$6+IF(ISNUMBER(VLOOKUP($AC$19*A40,Data!$C$2:$X$81,2,FALSE))=TRUE,VLOOKUP($AC$19*A40,Data!$C$2:$X$81,2,FALSE),0)*Entry!$F$7+IF(ISNUMBER(VLOOKUP($V$19*A40,Data!$C$2:$X$81,2,FALSE))=TRUE,VLOOKUP($V$19*A40,Data!$C$2:$X$81,2,FALSE),0)*Entry!$F$8)/4 -> 9232388.8 | F40: =(IF(ISNUMBER(VLOOKUP($V$1*A40,Data!$C$2:$X$81,22,FALSE))=TRUE,VLOOKUP($V$1*A40,Data!$C$2:$X$81,22,FALSE),0)*Entry!$F$5+IF(ISNUMBER(VLOOKUP($AC$1*A40,Data!$C$2:$X$81,22,FALSE))=TRUE,VLOOKUP($AC$1*A40,Data!$C$2:$X$81,22,FALSE),0)*Entry!$F$6+IF(ISNUMBER(VLOOKUP($AC$19*A40,Data!$C$2:$X$81,22,FALSE))=TRUE,VLOOKUP($AC$19*A40,Data!$C$2:$X$81,22,FALSE),0)*Entry!$F$7+IF(ISNUMBER(VLOOKUP($V$19*A40,Data!$C$2:$X$81,22,FALSE))=TRUE,VLOOKUP($V$19*A40,Data!$C$2:$X$81,22,FALSE),0)*Entry!$F$8)/4 -> 10733412 | G40: =F40/E40 -> 1.1625824 | H40: =Entry!$A$4 -> #N/A | J40: 2 | K40: =K41-50 -> 24400 | L40: =VLOOKUP(K40,Data!$C$1:$X$81,6,FALSE) -> 0 | M40: =VLOOKUP(K40,Data!$C$1:$X$81,18,FALSE) -> 0 | N40: =Entry!$A$8-K40 -> 168 | O40: =L40-N40 -> -168 | P40: =M40+N40 -> 168 | Q40: =(P39-P40)/P40 -> 0.29761905 | R40: =(O40-O39)/O39 -> -0.2293578 | S40: =K40 -> 24400 | T40: =Entry!$A$8 -> 24568 | U40: =LN(T40/K40) -> 0.0068616508 | V40: =VLOOKUP(K40,Data!$C$1:$X$81,5,FALSE)/100 -> 0 | W40: =(Entry!$A$16+((V40)^2)/2)*Entry!$A$18 -> 0.00057534247 | X40: =V40*SQRT(Entry!$A$18) -> 0 | Y40: =(U40+W40)/X40 -> #DIV/0! | Z40: =Y40-X40 -> #DIV/0! | AA40: =_xlfn.NORM.S.DIST(Y40,TRUE) -> #DIV/0! | AB40: =_xlfn.NORM.S.DIST(Z40,TRUE) -> #DIV/0! | AC40: =EXP(-Entry!$A$16*Entry!$A$18) -> 0.99942482 | AD40: =T40*AA40-K40*AC40*AB40 -> #DIV/0! | AE40: =VLOOKUP(K40,Data!$C$1:$X$81,19,FALSE)/100 -> 0 | AF40: =(Entry!$A$16+((AE40)^2)/2)*Entry!$A$18 -> 0.00057534247 | AG40: =AE40*SQRT(Entry!$A$18) -> 0 | AH40: =(U40+AF40)/AG40 -> #DIV/0! | AI40: =AH40-AG40 -> #DIV/0! | AJ40: =_xlfn.NORM.S.DIST(-AH40,TRUE) -> #DIV/0! | AK40: =_xlfn.NORM.S.DIST(-AI40,TRUE) -> #DIV/0! | AL40: =K40*AC40*AK40-T40*AJ40 -> #DIV/0! | AM40: =(L40-AD40)/AD40 -> #DIV/0! | AN40: =(M40-AL40)/AL40 -> #DIV/0! | AO40: =K40 -> 24400
A41: 3 | B41: =(IF(ISNUMBER(VLOOKUP($A$1*A41,Data!$C$2:$X$81,2,FALSE))=TRUE,VLOOKUP($A$1*A41,Data!$C$2:$X$81,2,FALSE),0)*Entry!$E$2+ IF(ISNUMBER(VLOOKUP($H$1*A41,Data!$C$2:$X$81,2,FALSE))=TRUE,VLOOKUP($H$1*A41,Data!$C$2:$X$81,2,FALSE),0)*Entry!$E$3+IF(ISNUMBER(VLOOKUP($O$1*A41,Data!$C$2:$X$81,2,FALSE))=TRUE,VLOOKUP($O$1*A41,Data!$C$2:$X$81,2,FALSE),0)*Entry!$E$4+IF(ISNUMBER(VLOOKUP($V$1*A41,Data!$C$2:$X$81,2,FALSE))=TRUE,VLOOKUP($V$1*A41,Data!$C$2:$X$81,2,FALSE),0)*Entry!$E$5+IF(ISNUMBER(VLOOKUP($AC$1*A41,Data!$C$2:$X$81,2,FALSE))=TRUE,VLOOKUP($AC$1*A41,Data!$C$2:$X$81,2,FALSE),0)*Entry!$E$6+IF(ISNUMBER(VLOOKUP($AC$19*A41,Data!$C$2:$X$81,2,FALSE))=TRUE,VLOOKUP($AC$19*A41,Data!$C$2:$X$81,2,FALSE),0)*Entry!$E$7+IF(ISNUMBER(VLOOKUP($V$19*A41,Data!$C$2:$X$81,2,FALSE))=TRUE,VLOOKUP($V$19*A41,Data!$C$2:$X$81,2,FALSE),0)*Entry!$E$8+IF(ISNUMBER(VLOOKUP($O$19*A41,Data!$C$2:$X$81,2,FALSE))=TRUE,VLOOKUP($O$19*A41,Data!$C$2:$X$81,2,FALSE),0)*Entry!$E$9+IF(ISNUMBER(VLOOKUP($H$19*A41,Data!$C$2:$X$81,2,FALSE))=TRUE,VLOOKUP($H$19*A41,Data!$C$2:$X$81,2,FALSE),0)*Entry!$E$10+IF(ISNUMBER(VLOOKUP($A$19*A41,Data!$C$2:$X$81,2,FALSE))=TRUE,VLOOKUP($A$19*A41,Data!$C$2:$X$81,2,FALSE),0)*Entry!$E$11)/4 -> 9614218 | C41: =(IF(ISNUMBER(VLOOKUP($A$1*A41,Data!$C$2:$X$81,22,FALSE))=TRUE,VLOOKUP($A$1*A41,Data!$C$2:$X$81,22,FALSE),0)*Entry!$E$2+ IF(ISNUMBER(VLOOKUP($H$1*A41,Data!$C$2:$X$81,22,FALSE))=TRUE,VLOOKUP($H$1*A41,Data!$C$2:$X$81,22,FALSE),0)*Entry!$E$3+IF(ISNUMBER(VLOOKUP($O$1*A41,Data!$C$2:$X$81,22,FALSE))=TRUE,VLOOKUP($O$1*A41,Data!$C$2:$X$81,22,FALSE),0)*Entry!$E$4+IF(ISNUMBER(VLOOKUP($V$1*A41,Data!$C$2:$X$81,22,FALSE))=TRUE,VLOOKUP($V$1*A41,Data!$C$2:$X$81,22,FALSE),0)*Entry!$E$5+IF(ISNUMBER(VLOOKUP($AC$1*A41,Data!$C$2:$X$81,22,FALSE))=TRUE,VLOOKUP($AC$1*A41,Data!$C$2:$X$81,22,FALSE),0)*Entry!$E$6+IF(ISNUMBER(VLOOKUP($AC$19*A41,Data!$C$2:$X$81,22,FALSE))=TRUE,VLOOKUP($AC$19*A41,Data!$C$2:$X$81,22,FALSE),0)*Entry!$E$7+IF(ISNUMBER(VLOOKUP($V$19*A41,Data!$C$2:$X$81,22,FALSE))=TRUE,VLOOKUP($V$19*A41,Data!$C$2:$X$81,22,FALSE),0)*Entry!$E$8+IF(ISNUMBER(VLOOKUP($O$19*A41,Data!$C$2:$X$81,22,FALSE))=TRUE,VLOOKUP($O$19*A41,Data!$C$2:$X$81,22,FALSE),0)*Entry!$E$9+IF(ISNUMBER(VLOOKUP($H$19*A41,Data!$C$2:$X$81,22,FALSE))=TRUE,VLOOKUP($H$19*A41,Data!$C$2:$X$81,22,FALSE),0)*Entry!$E$10+IF(ISNUMBER(VLOOKUP($A$19*A41,Data!$C$2:$X$81,22,FALSE))=TRUE,VLOOKUP($A$19*A41,Data!$C$2:$X$81,22,FALSE),0)*Entry!$E$11)/4 -> 10316524 | D41: =C41/B41 -> 1.0730486 | E41: =(IF(ISNUMBER(VLOOKUP($V$1*A41,Data!$C$2:$X$81,2,FALSE))=TRUE,VLOOKUP($V$1*A41,Data!$C$2:$X$81,2,FALSE),0)*Entry!$F$5+IF(ISNUMBER(VLOOKUP($AC$1*A41,Data!$C$2:$X$81,2,FALSE))=TRUE,VLOOKUP($AC$1*A41,Data!$C$2:$X$81,2,FALSE),0)*Entry!$F$6+IF(ISNUMBER(VLOOKUP($AC$19*A41,Data!$C$2:$X$81,2,FALSE))=TRUE,VLOOKUP($AC$19*A41,Data!$C$2:$X$81,2,FALSE),0)*Entry!$F$7+IF(ISNUMBER(VLOOKUP($V$19*A41,Data!$C$2:$X$81,2,FALSE))=TRUE,VLOOKUP($V$19*A41,Data!$C$2:$X$81,2,FALSE),0)*Entry!$F$8)/4 -> 10352109 | F41: =(IF(ISNUMBER(VLOOKUP($V$1*A41,Data!$C$2:$X$81,22,FALSE))=TRUE,VLOOKUP($V$1*A41,Data!$C$2:$X$81,22,FALSE),0)*Entry!$F$5+IF(ISNUMBER(VLOOKUP($AC$1*A41,Data!$C$2:$X$81,22,FALSE))=TRUE,VLOOKUP($AC$1*A41,Data!$C$2:$X$81,22,FALSE),0)*Entry!$F$6+IF(ISNUMBER(VLOOKUP($AC$19*A41,Data!$C$2:$X$81,22,FALSE))=TRUE,VLOOKUP($AC$19*A41,Data!$C$2:$X$81,22,FALSE),0)*Entry!$F$7+IF(ISNUMBER(VLOOKUP($V$19*A41,Data!$C$2:$X$81,22,FALSE))=TRUE,VLOOKUP($V$19*A41,Data!$C$2:$X$81,22,FALSE),0)*Entry!$F$8)/4 -> 11245584 | G41: =F41/E41 -> 1.0863085 | H41: =Entry!$A$4 -> #N/A | J41: 3 | K41: =K42-50 -> 24450 | L41: =VLOOKUP(K41,Data!$C$1:$X$81,6,FALSE) -> 0 | M41: =VLOOKUP(K41,Data!$C$1:$X$81,18,FALSE) -> 0 | N41: =Entry!$A$8-K41 -> 118 | O41: =L41-N41 -> -118 | P41: =M41+N41 -> 118 | Q41: =(P40-P41)/P41 -> 0.42372881 | R41: =(O41-O40)/O40 -> -0.29761905 | S41: =K41 -> 24450 | T41: =Entry!$A$8 -> 24568 | U41: =LN(T41/K41) -> 0.0048145672 | V41: =VLOOKUP(K41,Data!$C$1:$X$81,5,FALSE)/100 -> 0 | W41: =(Entry!$A$16+((V41)^2)/2)*Entry!$A$18 -> 0.00057534247 | X41: =V41*SQRT(Entry!$A$18) -> 0 | Y41: =(U41+W41)/X41 -> #DIV/0! | Z41: =Y41-X41 -> #DIV/0! | AA41: =_xlfn.NORM.S.DIST(Y41,TRUE) -> #DIV/0! | AB41: =_xlfn.NORM.S.DIST(Z41,TRUE) -> #DIV/0! | AC41: =EXP(-Entry!$A$16*Entry!$A$18) -> 0.99942482 | AD41: =T41*AA41-K41*AC41*AB41 -> #DIV/0! | AE41: =VLOOKUP(K41,Data!$C$1:$X$81,19,FALSE)/100 -> 0 | AF41: =(Entry!$A$16+((AE41)^2)/2)*Entry!$A$18 -> 0.00057534247 | AG41: =AE41*SQRT(Entry!$A$18) -> 0 | AH41: =(U41+AF41)/AG41 -> #DIV/0! | AI41: =AH41-AG41 -> #DIV/0! | AJ41: =_xlfn.NORM.S.DIST(-AH41,TRUE) -> #DIV/0! | AK41: =_xlfn.NORM.S.DIST(-AI41,TRUE) -> #DIV/0! | AL41: =K41*AC41*AK41-T41*AJ41 -> #DIV/0! | AM41: =(L41-AD41)/AD41 -> #DIV/0! | AN41: =(M41-AL41)/AL41 -> #DIV/0! | AO41: =K41 -> 24450
A42: 4 | B42: =(IF(ISNUMBER(VLOOKUP($A$1*A42,Data!$C$2:$X$81,2,FALSE))=TRUE,VLOOKUP($A$1*A42,Data!$C$2:$X$81,2,FALSE),0)*Entry!$E$2+ IF(ISNUMBER(VLOOKUP($H$1*A42,Data!$C$2:$X$81,2,FALSE))=TRUE,VLOOKUP($H$1*A42,Data!$C$2:$X$81,2,FALSE),0)*Entry!$E$3+IF(ISNUMBER(VLOOKUP($O$1*A42,Data!$C$2:$X$81,2,FALSE))=TRUE,VLOOKUP($O$1*A42,Data!$C$2:$X$81,2,FALSE),0)*Entry!$E$4+IF(ISNUMBER(VLOOKUP($V$1*A42,Data!$C$2:$X$81,2,FALSE))=TRUE,VLOOKUP($V$1*A42,Data!$C$2:$X$81,2,FALSE),0)*Entry!$E$5+IF(ISNUMBER(VLOOKUP($AC$1*A42,Data!$C$2:$X$81,2,FALSE))=TRUE,VLOOKUP($AC$1*A42,Data!$C$2:$X$81,2,FALSE),0)*Entry!$E$6+IF(ISNUMBER(VLOOKUP($AC$19*A42,Data!$C$2:$X$81,2,FALSE))=TRUE,VLOOKUP($AC$19*A42,Data!$C$2:$X$81,2,FALSE),0)*Entry!$E$7+IF(ISNUMBER(VLOOKUP($V$19*A42,Data!$C$2:$X$81,2,FALSE))=TRUE,VLOOKUP($V$19*A42,Data!$C$2:$X$81,2,FALSE),0)*Entry!$E$8+IF(ISNUMBER(VLOOKUP($O$19*A42,Data!$C$2:$X$81,2,FALSE))=TRUE,VLOOKUP($O$19*A42,Data!$C$2:$X$81,2,FALSE),0)*Entry!$E$9+IF(ISNUMBER(VLOOKUP($H$19*A42,Data!$C$2:$X$81,2,FALSE))=TRUE,VLOOKUP($H$19*A42,Data!$C$2:$X$81,2,FALSE),0)*Entry!$E$10+IF(ISNUMBER(VLOOKUP($A$19*A42,Data!$C$2:$X$81,2,FALSE))=TRUE,VLOOKUP($A$19*A42,Data!$C$2:$X$81,2,FALSE),0)*Entry!$E$11)/4 -> 9562866.2 | C42: =(IF(ISNUMBER(VLOOKUP($A$1*A42,Data!$C$2:$X$81,22,FALSE))=TRUE,VLOOKUP($A$1*A42,Data!$C$2:$X$81,22,FALSE),0)*Entry!$E$2+ IF(ISNUMBER(VLOOKUP($H$1*A42,Data!$C$2:$X$81,22,FALSE))=TRUE,VLOOKUP($H$1*A42,Data!$C$2:$X$81,22,FALSE),0)*Entry!$E$3+IF(ISNUMBER(VLOOKUP($O$1*A42,Data!$C$2:$X$81,22,FALSE))=TRUE,VLOOKUP($O$1*A42,Data!$C$2:$X$81,22,FALSE),0)*Entry!$E$4+IF(ISNUMBER(VLOOKUP($V$1*A42,Data!$C$2:$X$81,22,FALSE))=TRUE,VLOOKUP($V$1*A42,Data!$C$2:$X$81,22,FALSE),0)*Entry!$E$5+IF(ISNUMBER(VLOOKUP($AC$1*A42,Data!$C$2:$X$81,22,FALSE))=TRUE,VLOOKUP($AC$1*A42,Data!$C$2:$X$81,22,FALSE),0)*Entry!$E$6+IF(ISNUMBER(VLOOKUP($AC$19*A42,Data!$C$2:$X$81,22,FALSE))=TRUE,VLOOKUP($AC$19*A42,Data!$C$2:$X$81,22,FALSE),0)*Entry!$E$7+IF(ISNUMBER(VLOOKUP($V$19*A42,Data!$C$2:$X$81,22,FALSE))=TRUE,VLOOKUP($V$19*A42,Data!$C$2:$X$81,22,FALSE),0)*Entry!$E$8+IF(ISNUMBER(VLOOKUP($O$19*A42,Data!$C$2:$X$81,22,FALSE))=TRUE,VLOOKUP($O$19*A42,Data!$C$2:$X$81,22,FALSE),0)*Entry!$E$9+IF(ISNUMBER(VLOOKUP($H$19*A42,Data!$C$2:$X$81,22,FALSE))=TRUE,VLOOKUP($H$19*A42,Data!$C$2:$X$81,22,FALSE),0)*Entry!$E$10+IF(ISNUMBER(VLOOKUP($A$19*A42,Data!$C$2:$X$81,22,FALSE))=TRUE,VLOOKUP($A$19*A42,Data!$C$2:$X$81,22,FALSE),0)*Entry!$E$11)/4 -> 10314753 | D42: =C42/B42 -> 1.0786257 | E42: =(IF(ISNUMBER(VLOOKUP($V$1*A42,Data!$C$2:$X$81,2,FALSE))=TRUE,VLOOKUP($V$1*A42,Data!$C$2:$X$81,2,FALSE),0)*Entry!$F$5+IF(ISNUMBER(VLOOKUP($AC$1*A42,Data!$C$2:$X$81,2,FALSE))=TRUE,VLOOKUP($AC$1*A42,Data!$C$2:$X$81,2,FALSE),0)*Entry!$F$6+IF(ISNUMBER(VLOOKUP($AC$19*A42,Data!$C$2:$X$81,2,FALSE))=TRUE,VLOOKUP($AC$19*A42,Data!$C$2:$X$81,2,FALSE),0)*Entry!$F$7+IF(ISNUMBER(VLOOKUP($V$19*A42,Data!$C$2:$X$81,2,FALSE))=TRUE,VLOOKUP($V$19*A42,Data!$C$2:$X$81,2,FALSE),0)*Entry!$F$8)/4 -> 10352109 | F42: =(IF(ISNUMBER(VLOOKUP($V$1*A42,Data!$C$2:$X$81,22,FALSE))=TRUE,VLOOKUP($V$1*A42,Data!$C$2:$X$81,22,FALSE),0)*Entry!$F$5+IF(ISNUMBER(VLOOKUP($AC$1*A42,Data!$C$2:$X$81,22,FALSE))=TRUE,VLOOKUP($AC$1*A42,Data!$C$2:$X$81,22,FALSE),0)*Entry!$F$6+IF(ISNUMBER(VLOOKUP($AC$19*A42,Data!$C$2:$X$81,22,FALSE))=TRUE,VLOOKUP($AC$19*A42,Data!$C$2:$X$81,22,FALSE),0)*Entry!$F$7+IF(ISNUMBER(VLOOKUP($V$19*A42,Data!$C$2:$X$81,22,FALSE))=TRUE,VLOOKUP($V$19*A42,Data!$C$2:$X$81,22,FALSE),0)*Entry!$F$8)/4 -> 11245584 | G42: =F42/E42 -> 1.0863085 | H42: =Entry!$A$4 -> #N/A | J42: 4 | K42: =K43-50 -> 24500 | L42: =VLOOKUP(K42,Data!$C$1:$X$81,6,FALSE) -> 0 | M42: =VLOOKUP(K42,Data!$C$1:$X$81,18,FALSE) -> 0 | N42: =Entry!$A$8-K42 -> 68 | O42: =L42-N42 -> -68 | P42: =M42+N42 -> 68 | Q42: =(P41-P42)/P42 -> 0.73529412 | R42: =(O42-O41)/O41 -> -0.42372881 | S42: =K42 -> 24500 | T42: =Entry!$A$8 -> 24568 | U42: =LN(T42/K42) -> 0.0027716656 | V42: =VLOOKUP(K42,Data!$C$1:$X$81,5,FALSE)/100 -> 0 | W42: =(Entry!$A$16+((V42)^2)/2)*Entry!$A$18 -> 0.00057534247 | X42: =V42*SQRT(Entry!$A$18) -> 0 | Y42: =(U42+W42)/X42 -> #DIV/0! | Z42: =Y42-X42 -> #DIV/0! | AA42: =_xlfn.NORM.S.DIST(Y42,TRUE) -> #DIV/0! | AB42: =_xlfn.NORM.S.DIST(Z42,TRUE) -> #DIV/0! | AC42: =EXP(-Entry!$A$16*Entry!$A$18) -> 0.99942482 | AD42: =T42*AA42-K42*AC42*AB42 -> #DIV/0! | AE42: =VLOOKUP(K42,Data!$C$1:$X$81,19,FALSE)/100 -> 0 | AF42: =(Entry!$A$16+((AE42)^2)/2)*Entry!$A$18 -> 0.00057534247 | AG42: =AE42*SQRT(Entry!$A$18) -> 0 | AH42: =(U42+AF42)/AG42 -> #DIV/0! | AI42: =AH42-AG42 -> #DIV/0! | AJ42: =_xlfn.NORM.S.DIST(-AH42,TRUE) -> #DIV/0! | AK42: =_xlfn.NORM.S.DIST(-AI42,TRUE) -> #DIV/0! | AL42: =K42*AC42*AK42-T42*AJ42 -> #DIV/0! | AM42: =(L42-AD42)/AD42 -> #DIV/0! | AN42: =(M42-AL42)/AL42 -> #DIV/0! | AO42: =K42 -> 24500
A43: 5 | B43: =(IF(ISNUMBER(VLOOKUP($A$1*A43,Data!$C$2:$X$81,2,FALSE))=TRUE,VLOOKUP($A$1*A43,Data!$C$2:$X$81,2,FALSE),0)*Entry!$E$2+ IF(ISNUMBER(VLOOKUP($H$1*A43,Data!$C$2:$X$81,2,FALSE))=TRUE,VLOOKUP($H$1*A43,Data!$C$2:$X$81,2,FALSE),0)*Entry!$E$3+IF(ISNUMBER(VLOOKUP($O$1*A43,Data!$C$2:$X$81,2,FALSE))=TRUE,VLOOKUP($O$1*A43,Data!$C$2:$X$81,2,FALSE),0)*Entry!$E$4+IF(ISNUMBER(VLOOKUP($V$1*A43,Data!$C$2:$X$81,2,FALSE))=TRUE,VLOOKUP($V$1*A43,Data!$C$2:$X$81,2,FALSE),0)*Entry!$E$5+IF(ISNUMBER(VLOOKUP($AC$1*A43,Data!$C$2:$X$81,2,FALSE))=TRUE,VLOOKUP($AC$1*A43,Data!$C$2:$X$81,2,FALSE),0)*Entry!$E$6+IF(ISNUMBER(VLOOKUP($AC$19*A43,Data!$C$2:$X$81,2,FALSE))=TRUE,VLOOKUP($AC$19*A43,Data!$C$2:$X$81,2,FALSE),0)*Entry!$E$7+IF(ISNUMBER(VLOOKUP($V$19*A43,Data!$C$2:$X$81,2,FALSE))=TRUE,VLOOKUP($V$19*A43,Data!$C$2:$X$81,2,FALSE),0)*Entry!$E$8+IF(ISNUMBER(VLOOKUP($O$19*A43,Data!$C$2:$X$81,2,FALSE))=TRUE,VLOOKUP($O$19*A43,Data!$C$2:$X$81,2,FALSE),0)*Entry!$E$9+IF(ISNUMBER(VLOOKUP($H$19*A43,Data!$C$2:$X$81,2,FALSE))=TRUE,VLOOKUP($H$19*A43,Data!$C$2:$X$81,2,FALSE),0)*Entry!$E$10+IF(ISNUMBER(VLOOKUP($A$19*A43,Data!$C$2:$X$81,2,FALSE))=TRUE,VLOOKUP($A$19*A43,Data!$C$2:$X$81,2,FALSE),0)*Entry!$E$11)/4 -> 11013307 | C43: =(IF(ISNUMBER(VLOOKUP($A$1*A43,Data!$C$2:$X$81,22,FALSE))=TRUE,VLOOKUP($A$1*A43,Data!$C$2:$X$81,22,FALSE),0)*Entry!$E$2+ IF(ISNUMBER(VLOOKUP($H$1*A43,Data!$C$2:$X$81,22,FALSE))=TRUE,VLOOKUP($H$1*A43,Data!$C$2:$X$81,22,FALSE),0)*Entry!$E$3+IF(ISNUMBER(VLOOKUP($O$1*A43,Data!$C$2:$X$81,22,FALSE))=TRUE,VLOOKUP($O$1*A43,Data!$C$2:$X$81,22,FALSE),0)*Entry!$E$4+IF(ISNUMBER(VLOOKUP($V$1*A43,Data!$C$2:$X$81,22,FALSE))=TRUE,VLOOKUP($V$1*A43,Data!$C$2:$X$81,22,FALSE),0)*Entry!$E$5+IF(ISNUMBER(VLOOKUP($AC$1*A43,Data!$C$2:$X$81,22,FALSE))=TRUE,VLOOKUP($AC$1*A43,Data!$C$2:$X$81,22,FALSE),0)*Entry!$E$6+IF(ISNUMBER(VLOOKUP($AC$19*A43,Data!$C$2:$X$81,22,FALSE))=TRUE,VLOOKUP($AC$19*A43,Data!$C$2:$X$81,22,FALSE),0)*Entry!$E$7+IF(ISNUMBER(VLOOKUP($V$19*A43,Data!$C$2:$X$81,22,FALSE))=TRUE,VLOOKUP($V$19*A43,Data!$C$2:$X$81,22,FALSE),0)*Entry!$E$8+IF(ISNUMBER(VLOOKUP($O$19*A43,Data!$C$2:$X$81,22,FALSE))=TRUE,VLOOKUP($O$19*A43,Data!$C$2:$X$81,22,FALSE),0)*Entry!$E$9+IF(ISNUMBER(VLOOKUP($H$19*A43,Data!$C$2:$X$81,22,FALSE))=TRUE,VLOOKUP($H$19*A43,Data!$C$2:$X$81,22,FALSE),0)*Entry!$E$10+IF(ISNUMBER(VLOOKUP($A$19*A43,Data!$C$2:$X$81,22,FALSE))=TRUE,VLOOKUP($A$19*A43,Data!$C$2:$X$81,22,FALSE),0)*Entry!$E$11)/4 -> 9330967.2 | D43: =C43/B43 -> 0.84724483 | E43: =(IF(ISNUMBER(VLOOKUP($V$1*A43,Data!$C$2:$X$81,2,FALSE))=TRUE,VLOOKUP($V$1*A43,Data!$C$2:$X$81,2,FALSE),0)*Entry!$F$5+IF(ISNUMBER(VLOOKUP($AC$1*A43,Data!$C$2:$X$81,2,FALSE))=TRUE,VLOOKUP($AC$1*A43,Data!$C$2:$X$81,2,FALSE),0)*Entry!$F$6+IF(ISNUMBER(VLOOKUP($AC$19*A43,Data!$C$2:$X$81,2,FALSE))=TRUE,VLOOKUP($AC$19*A43,Data!$C$2:$X$81,2,FALSE),0)*Entry!$F$7+IF(ISNUMBER(VLOOKUP($V$19*A43,Data!$C$2:$X$81,2,FALSE))=TRUE,VLOOKUP($V$19*A43,Data!$C$2:$X$81,2,FALSE),0)*Entry!$F$8)/4 -> 11982071 | F43: =(IF(ISNUMBER(VLOOKUP($V$1*A43,Data!$C$2:$X$81,22,FALSE))=TRUE,VLOOKUP($V$1*A43,Data!$C$2:$X$81,22,FALSE),0)*Entry!$F$5+IF(ISNUMBER(VLOOKUP($AC$1*A43,Data!$C$2:$X$81,22,FALSE))=TRUE,VLOOKUP($AC$1*A43,Data!$C$2:$X$81,22,FALSE),0)*Entry!$F$6+IF(ISNUMBER(VLOOKUP($AC$19*A43,Data!$C$2:$X$81,22,FALSE))=TRUE,VLOOKUP($AC$19*A43,Data!$C$2:$X$81,22,FALSE),0)*Entry!$F$7+IF(ISNUMBER(VLOOKUP($V$19*A43,Data!$C$2:$X$81,22,FALSE))=TRUE,VLOOKUP($V$19*A43,Data!$C$2:$X$81,22,FALSE),0)*Entry!$F$8)/4 -> 10198024 | G43: =F43/E43 -> 0.85110692 | H43: =Entry!$A$4 -> #N/A | J43: 5 | K43: =Entry!A2 -> 24550 | L43: =VLOOKUP(K43,Data!$C$1:$X$81,6,FALSE) -> 0 | M43: =VLOOKUP(K43,Data!$C$1:$X$81,18,FALSE) -> 0 | N43: =Entry!$A$8-K43 -> 18 | O43: =L43-N43 -> -18 | P43: =M43+N43 -> 18 | Q43: =(P42-P43)/P43 -> 2.7777778 | R43: =(O43-O42)/O42 -> -0.73529412 | S43: =K43 -> 24550 | T43: =Entry!$A$8 -> 24568 | U43: =LN(T43/K43) -> 0.0007329289 | V43: =VLOOKUP(K43,Data!$C$1:$X$81,5,FALSE)/100 -> 0 | W43: =(Entry!$A$16+((V43)^2)/2)*Entry!$A$18 -> 0.00057534247 | X43: =V43*SQRT(Entry!$A$18) -> 0 | Y43: =(U43+W43)/X43 -> #DIV/0! | Z43: =Y43-X43 -> #DIV/0! | AA43: =_xlfn.NORM.S.DIST(Y43,TRUE) -> #DIV/0! | AB43: =_xlfn.NORM.S.DIST(Z43,TRUE) -> #DIV/0! | AC43: =EXP(-Entry!$A$16*Entry!$A$18) -> 0.99942482 | AD43: =T43*AA43-K43*AC43*AB43 -> #DIV/0! | AE43: =VLOOKUP(K43,Data!$C$1:$X$81,19,FALSE)/100 -> 0 | AF43: =(Entry!$A$16+((AE43)^2)/2)*Entry!$A$18 -> 0.00057534247 | AG43: =AE43*SQRT(Entry!$A$18) -> 0 | AH43: =(U43+AF43)/AG43 -> #DIV/0! | AI43: =AH43-AG43 -> #DIV/0! | AJ43: =_xlfn.NORM.S.DIST(-AH43,TRUE) -> #DIV/0! | AK43: =_xlfn.NORM.S.DIST(-AI43,TRUE) -> #DIV/0! | AL43: =K43*AC43*AK43-T43*AJ43 -> #DIV/0! | AM43: =(L43-AD43)/AD43 -> #DIV/0! | AN43: =(M43-AL43)/AL43 -> #DIV/0! | AO43: =K43 -> 24550
A44: 6 | B44: =(IF(ISNUMBER(VLOOKUP($A$1*A44,Data!$C$2:$X$81,2,FALSE))=TRUE,VLOOKUP($A$1*A44,Data!$C$2:$X$81,2,FALSE),0)*Entry!$E$2+ IF(ISNUMBER(VLOOKUP($H$1*A44,Data!$C$2:$X$81,2,FALSE))=TRUE,VLOOKUP($H$1*A44,Data!$C$2:$X$81,2,FALSE),0)*Entry!$E$3+IF(ISNUMBER(VLOOKUP($O$1*A44,Data!$C$2:$X$81,2,FALSE))=TRUE,VLOOKUP($O$1*A44,Data!$C$2:$X$81,2,FALSE),0)*Entry!$E$4+IF(ISNUMBER(VLOOKUP($V$1*A44,Data!$C$2:$X$81,2,FALSE))=TRUE,VLOOKUP($V$1*A44,Data!$C$2:$X$81,2,FALSE),0)*Entry!$E$5+IF(ISNUMBER(VLOOKUP($AC$1*A44,Data!$C$2:$X$81,2,FALSE))=TRUE,VLOOKUP($AC$1*A44,Data!$C$2:$X$81,2,FALSE),0)*Entry!$E$6+IF(ISNUMBER(VLOOKUP($AC$19*A44,Data!$C$2:$X$81,2,FALSE))=TRUE,VLOOKUP($AC$19*A44,Data!$C$2:$X$81,2,FALSE),0)*Entry!$E$7+IF(ISNUMBER(VLOOKUP($V$19*A44,Data!$C$2:$X$81,2,FALSE))=TRUE,VLOOKUP($V$19*A44,Data!$C$2:$X$81,2,FALSE),0)*Entry!$E$8+IF(ISNUMBER(VLOOKUP($O$19*A44,Data!$C$2:$X$81,2,FALSE))=TRUE,VLOOKUP($O$19*A44,Data!$C$2:$X$81,2,FALSE),0)*Entry!$E$9+IF(ISNUMBER(VLOOKUP($H$19*A44,Data!$C$2:$X$81,2,FALSE))=TRUE,VLOOKUP($H$19*A44,Data!$C$2:$X$81,2,FALSE),0)*Entry!$E$10+IF(ISNUMBER(VLOOKUP($A$19*A44,Data!$C$2:$X$81,2,FALSE))=TRUE,VLOOKUP($A$19*A44,Data!$C$2:$X$81,2,FALSE),0)*Entry!$E$11)/4 -> 10935201 | C44: =(IF(ISNUMBER(VLOOKUP($A$1*A44,Data!$C$2:$X$81,22,FALSE))=TRUE,VLOOKUP($A$1*A44,Data!$C$2:$X$81,22,FALSE),0)*Entry!$E$2+ IF(ISNUMBER(VLOOKUP($H$1*A44,Data!$C$2:$X$81,22,FALSE))=TRUE,VLOOKUP($H$1*A44,Data!$C$2:$X$81,22,FALSE),0)*Entry!$E$3+IF(ISNUMBER(VLOOKUP($O$1*A44,Data!$C$2:$X$81,22,FALSE))=TRUE,VLOOKUP($O$1*A44,Data!$C$2:$X$81,22,FALSE),0)*Entry!$E$4+IF(ISNUMBER(VLOOKUP($V$1*A44,Data!$C$2:$X$81,22,FALSE))=TRUE,VLOOKUP($V$1*A44,Data!$C$2:$X$81,22,FALSE),0)*Entry!$E$5+IF(ISNUMBER(VLOOKUP($AC$1*A44,Data!$C$2:$X$81,22,FALSE))=TRUE,VLOOKUP($AC$1*A44,Data!$C$2:$X$81,22,FALSE),0)*Entry!$E$6+IF(ISNUMBER(VLOOKUP($AC$19*A44,Data!$C$2:$X$81,22,FALSE))=TRUE,VLOOKUP($AC$19*A44,Data!$C$2:$X$81,22,FALSE),0)*Entry!$E$7+IF(ISNUMBER(VLOOKUP($V$19*A44,Data!$C$2:$X$81,22,FALSE))=TRUE,VLOOKUP($V$19*A44,Data!$C$2:$X$81,22,FALSE),0)*Entry!$E$8+IF(ISNUMBER(VLOOKUP($O$19*A44,Data!$C$2:$X$81,22,FALSE))=TRUE,VLOOKUP($O$19*A44,Data!$C$2:$X$81,22,FALSE),0)*Entry!$E$9+IF(ISNUMBER(VLOOKUP($H$19*A44,Data!$C$2:$X$81,22,FALSE))=TRUE,VLOOKUP($H$19*A44,Data!$C$2:$X$81,22,FALSE),0)*Entry!$E$10+IF(ISNUMBER(VLOOKUP($A$19*A44,Data!$C$2:$X$81,22,FALSE))=TRUE,VLOOKUP($A$19*A44,Data!$C$2:$X$81,22,FALSE),0)*Entry!$E$11)/4 -> 8679978 | D44: =C44/B44 -> 0.79376485 | E44: =(IF(ISNUMBER(VLOOKUP($V$1*A44,Data!$C$2:$X$81,2,FALSE))=TRUE,VLOOKUP($V$1*A44,Data!$C$2:$X$81,2,FALSE),0)*Entry!$F$5+IF(ISNUMBER(VLOOKUP($AC$1*A44,Data!$C$2:$X$81,2,FALSE))=TRUE,VLOOKUP($AC$1*A44,Data!$C$2:$X$81,2,FALSE),0)*Entry!$F$6+IF(ISNUMBER(VLOOKUP($AC$19*A44,Data!$C$2:$X$81,2,FALSE))=TRUE,VLOOKUP($AC$19*A44,Data!$C$2:$X$81,2,FALSE),0)*Entry!$F$7+IF(ISNUMBER(VLOOKUP($V$19*A44,Data!$C$2:$X$81,2,FALSE))=TRUE,VLOOKUP($V$19*A44,Data!$C$2:$X$81,2,FALSE),0)*Entry!$F$8)/4 -> 11904764 | F44: =(IF(ISNUMBER(VLOOKUP($V$1*A44,Data!$C$2:$X$81,22,FALSE))=TRUE,VLOOKUP($V$1*A44,Data!$C$2:$X$81,22,FALSE),0)*Entry!$F$5+IF(ISNUMBER(VLOOKUP($AC$1*A44,Data!$C$2:$X$81,22,FALSE))=TRUE,VLOOKUP($AC$1*A44,Data!$C$2:$X$81,22,FALSE),0)*Entry!$F$6+IF(ISNUMBER(VLOOKUP($AC$19*A44,Data!$C$2:$X$81,22,FALSE))=TRUE,VLOOKUP($AC$19*A44,Data!$C$2:$X$81,22,FALSE),0)*Entry!$F$7+IF(ISNUMBER(VLOOKUP($V$19*A44,Data!$C$2:$X$81,22,FALSE))=TRUE,VLOOKUP($V$19*A44,Data!$C$2:$X$81,22,FALSE),0)*Entry!$F$8)/4 -> 9496056.2 | G44: =F44/E44 -> 0.7976686 | H44: =Entry!$A$4 -> #N/A | J44: 6 | K44: =K43+50 -> 24600 | L44: =VLOOKUP(K44,Data!$C$1:$X$81,6,FALSE) -> 0 | M44: =VLOOKUP(K44,Data!$C$1:$X$81,18,FALSE) -> 0 | N44: =Entry!$A$8-K44 -> -32 | O44: =L44-N44 -> 32 | P44: =M44+N44 -> -32 | Q44: =(P43-P44)/P44 -> -1.5625 | R44: =(O44-O43)/O43 -> -2.7777778 | S44: =K44 -> 24600 | T44: =Entry!$A$8 -> 24568 | U44: =LN(T44/K44) -> -0.0013016598 | V44: =VLOOKUP(K44,Data!$C$1:$X$81,5,FALSE)/100 -> 0 | W44: =(Entry!$A$16+((V44)^2)/2)*Entry!$A$18 -> 0.00057534247 | X44: =V44*SQRT(Entry!$A$18) -> 0 | Y44: =(U44+W44)/X44 -> #DIV/0! | Z44: =Y44-X44 -> #DIV/0! | AA44: =_xlfn.NORM.S.DIST(Y44,TRUE) -> #DIV/0! | AB44: =_xlfn.NORM.S.DIST(Z44,TRUE) -> #DIV/0! | AC44: =EXP(-Entry!$A$16*Entry!$A$18) -> 0.99942482 | AD44: =T44*AA44-K44*AC44*AB44 -> #DIV/0! | AE44: =VLOOKUP(K44,Data!$C$1:$X$81,19,FALSE)/100 -> 0 | AF44: =(Entry!$A$16+((AE44)^2)/2)*Entry!$A$18 -> 0.00057534247 | AG44: =AE44*SQRT(Entry!$A$18) -> 0 | AH44: =(U44+AF44)/AG44 -> #DIV/0! | AI44: =AH44-AG44 -> #DIV/0! | AJ44: =_xlfn.NORM.S.DIST(-AH44,TRUE) -> #DIV/0! | AK44: =_xlfn.NORM.S.DIST(-AI44,TRUE) -> #DIV/0! | AL44: =K44*AC44*AK44-T44*AJ44 -> #DIV/0! | AM44: =(L44-AD44)/AD44 -> #DIV/0! | AN44: =(M44-AL44)/AL44 -> #DIV/0! | AO44: =K44 -> 24600
A45: 7 | B45: =(IF(ISNUMBER(VLOOKUP($A$1*A45,Data!$C$2:$X$81,2,FALSE))=TRUE,VLOOKUP($A$1*A45,Data!$C$2:$X$81,2,FALSE),0)*Entry!$E$2+ IF(ISNUMBER(VLOOKUP($H$1*A45,Data!$C$2:$X$81,2,FALSE))=TRUE,VLOOKUP($H$1*A45,Data!$C$2:$X$81,2,FALSE),0)*Entry!$E$3+IF(ISNUMBER(VLOOKUP($O$1*A45,Data!$C$2:$X$81,2,FALSE))=TRUE,VLOOKUP($O$1*A45,Data!$C$2:$X$81,2,FALSE),0)*Entry!$E$4+IF(ISNUMBER(VLOOKUP($V$1*A45,Data!$C$2:$X$81,2,FALSE))=TRUE,VLOOKUP($V$1*A45,Data!$C$2:$X$81,2,FALSE),0)*Entry!$E$5+IF(ISNUMBER(VLOOKUP($AC$1*A45,Data!$C$2:$X$81,2,FALSE))=TRUE,VLOOKUP($AC$1*A45,Data!$C$2:$X$81,2,FALSE),0)*Entry!$E$6+IF(ISNUMBER(VLOOKUP($AC$19*A45,Data!$C$2:$X$81,2,FALSE))=TRUE,VLOOKUP($AC$19*A45,Data!$C$2:$X$81,2,FALSE),0)*Entry!$E$7+IF(ISNUMBER(VLOOKUP($V$19*A45,Data!$C$2:$X$81,2,FALSE))=TRUE,VLOOKUP($V$19*A45,Data!$C$2:$X$81,2,FALSE),0)*Entry!$E$8+IF(ISNUMBER(VLOOKUP($O$19*A45,Data!$C$2:$X$81,2,FALSE))=TRUE,VLOOKUP($O$19*A45,Data!$C$2:$X$81,2,FALSE),0)*Entry!$E$9+IF(ISNUMBER(VLOOKUP($H$19*A45,Data!$C$2:$X$81,2,FALSE))=TRUE,VLOOKUP($H$19*A45,Data!$C$2:$X$81,2,FALSE),0)*Entry!$E$10+IF(ISNUMBER(VLOOKUP($A$19*A45,Data!$C$2:$X$81,2,FALSE))=TRUE,VLOOKUP($A$19*A45,Data!$C$2:$X$81,2,FALSE),0)*Entry!$E$11)/4 -> 11257988 | C45: =(IF(ISNUMBER(VLOOKUP($A$1*A45,Data!$C$2:$X$81,22,FALSE))=TRUE,VLOOKUP($A$1*A45,Data!$C$2:$X$81,22,FALSE),0)*Entry!$E$2+ IF(ISNUMBER(VLOOKUP($H$1*A45,Data!$C$2:$X$81,22,FALSE))=TRUE,VLOOKUP($H$1*A45,Data!$C$2:$X$81,22,FALSE),0)*Entry!$E$3+IF(ISNUMBER(VLOOKUP($O$1*A45,Data!$C$2:$X$81,22,FALSE))=TRUE,VLOOKUP($O$1*A45,Data!$C$2:$X$81,22,FALSE),0)*Entry!$E$4+IF(ISNUMBER(VLOOKUP($V$1*A45,Data!$C$2:$X$81,22,FALSE))=TRUE,VLOOKUP($V$1*A45,Data!$C$2:$X$81,22,FALSE),0)*Entry!$E$5+IF(ISNUMBER(VLOOKUP($AC$1*A45,Data!$C$2:$X$81,22,FALSE))=TRUE,VLOOKUP($AC$1*A45,Data!$C$2:$X$81,22,FALSE),0)*Entry!$E$6+IF(ISNUMBER(VLOOKUP($AC$19*A45,Data!$C$2:$X$81,22,FALSE))=TRUE,VLOOKUP($AC$19*A45,Data!$C$2:$X$81,22,FALSE),0)*Entry!$E$7+IF(ISNUMBER(VLOOKUP($V$19*A45,Data!$C$2:$X$81,22,FALSE))=TRUE,VLOOKUP($V$19*A45,Data!$C$2:$X$81,22,FALSE),0)*Entry!$E$8+IF(ISNUMBER(VLOOKUP($O$19*A45,Data!$C$2:$X$81,22,FALSE))=TRUE,VLOOKUP($O$19*A45,Data!$C$2:$X$81,22,FALSE),0)*Entry!$E$9+IF(ISNUMBER(VLOOKUP($H$19*A45,Data!$C$2:$X$81,22,FALSE))=TRUE,VLOOKUP($H$19*A45,Data!$C$2:$X$81,22,FALSE),0)*Entry!$E$10+IF(ISNUMBER(VLOOKUP($A$19*A45,Data!$C$2:$X$81,22,FALSE))=TRUE,VLOOKUP($A$19*A45,Data!$C$2:$X$81,22,FALSE),0)*Entry!$E$11)/4 -> 8317630.2 | D45: =C45/B45 -> 0.7388203 | E45: =(IF(ISNUMBER(VLOOKUP($V$1*A45,Data!$C$2:$X$81,2,FALSE))=TRUE,VLOOKUP($V$1*A45,Data!$C$2:$X$81,2,FALSE),0)*Entry!$F$5+IF(ISNUMBER(VLOOKUP($AC$1*A45,Data!$C$2:$X$81,2,FALSE))=TRUE,VLOOKUP($AC$1*A45,Data!$C$2:$X$81,2,FALSE),0)*Entry!$F$6+IF(ISNUMBER(VLOOKUP($AC$19*A45,Data!$C$2:$X$81,2,FALSE))=TRUE,VLOOKUP($AC$19*A45,Data!$C$2:$X$81,2,FALSE),0)*Entry!$F$7+IF(ISNUMBER(VLOOKUP($V$19*A45,Data!$C$2:$X$81,2,FALSE))=TRUE,VLOOKUP($V$19*A45,Data!$C$2:$X$81,2,FALSE),0)*Entry!$F$8)/4 -> 12266472 | F45: =(IF(ISNUMBER(VLOOKUP($V$1*A45,Data!$C$2:$X$81,22,FALSE))=TRUE,VLOOKUP($V$1*A45,Data!$C$2:$X$81,22,FALSE),0)*Entry!$F$5+IF(ISNUMBER(VLOOKUP($AC$1*A45,Data!$C$2:$X$81,22,FALSE))=TRUE,VLOOKUP($AC$1*A45,Data!$C$2:$X$81,22,FALSE),0)*Entry!$F$6+IF(ISNUMBER(VLOOKUP($AC$19*A45,Data!$C$2:$X$81,22,FALSE))=TRUE,VLOOKUP($AC$19*A45,Data!$C$2:$X$81,22,FALSE),0)*Entry!$F$7+IF(ISNUMBER(VLOOKUP($V$19*A45,Data!$C$2:$X$81,22,FALSE))=TRUE,VLOOKUP($V$19*A45,Data!$C$2:$X$81,22,FALSE),0)*Entry!$F$8)/4 -> 9125557.5 | G45: =F45/E45 -> 0.74394309 | H45: =Entry!$A$4 -> #N/A | J45: 7 | K45: =K44+50 -> 24650 | L45: =VLOOKUP(K45,Data!$C$1:$X$81,6,FALSE) -> 0 | M45: =VLOOKUP(K45,Data!$C$1:$X$81,18,FALSE) -> 0 | N45: =Entry!$A$8-K45 -> -82 | O45: =L45-N45 -> 82 | P45: =M45+N45 -> -82 | Q45: =(P44-P45)/P45 -> -0.6097561 | R45: =(O45-O44)/O44 -> 1.5625 | S45: =K45 -> 24650 | T45: =Entry!$A$8 -> 24568 | U45: =LN(T45/K45) -> -0.0033321174 | V45: =VLOOKUP(K45,Data!$C$1:$X$81,5,FALSE)/100 -> 0 | W45: =(Entry!$A$16+((V45)^2)/2)*Entry!$A$18 -> 0.00057534247 | X45: =V45*SQRT(Entry!$A$18) -> 0 | Y45: =(U45+W45)/X45 -> #DIV/0! | Z45: =Y45-X45 -> #DIV/0! | AA45: =_xlfn.NORM.S.DIST(Y45,TRUE) -> #DIV/0! | AB45: =_xlfn.NORM.S.DIST(Z45,TRUE) -> #DIV/0! | AC45: =EXP(-Entry!$A$16*Entry!$A$18) -> 0.99942482 | AD45: =T45*AA45-K45*AC45*AB45 -> #DIV/0! | AE45: =VLOOKUP(K45,Data!$C$1:$X$81,19,FALSE)/100 -> 0 | AF45: =(Entry!$A$16+((AE45)^2)/2)*Entry!$A$18 -> 0.00057534247 | AG45: =AE45*SQRT(Entry!$A$18) -> 0 | AH45: =(U45+AF45)/AG45 -> #DIV/0! | AI45: =AH45-AG45 -> #DIV/0! | AJ45: =_xlfn.NORM.S.DIST(-AH45,TRUE) -> #DIV/0! | AK45: =_xlfn.NORM.S.DIST(-AI45,TRUE) -> #DIV/0! | AL45: =K45*AC45*AK45-T45*AJ45 -> #DIV/0! | AM45: =(L45-AD45)/AD45 -> #DIV/0! | AN45: =(M45-AL45)/AL45 -> #DIV/0! | AO45: =K45 -> 24650
A46: 8 | B46: =(IF(ISNUMBER(VLOOKUP($A$1*A46,Data!$C$2:$X$81,2,FALSE))=TRUE,VLOOKUP($A$1*A46,Data!$C$2:$X$81,2,FALSE),0)*Entry!$E$2+ IF(ISNUMBER(VLOOKUP($H$1*A46,Data!$C$2:$X$81,2,FALSE))=TRUE,VLOOKUP($H$1*A46,Data!$C$2:$X$81,2,FALSE),0)*Entry!$E$3+IF(ISNUMBER(VLOOKUP($O$1*A46,Data!$C$2:$X$81,2,FALSE))=TRUE,VLOOKUP($O$1*A46,Data!$C$2:$X$81,2,FALSE),0)*Entry!$E$4+IF(ISNUMBER(VLOOKUP($V$1*A46,Data!$C$2:$X$81,2,FALSE))=TRUE,VLOOKUP($V$1*A46,Data!$C$2:$X$81,2,FALSE),0)*Entry!$E$5+IF(ISNUMBER(VLOOKUP($AC$1*A46,Data!$C$2:$X$81,2,FALSE))=TRUE,VLOOKUP($AC$1*A46,Data!$C$2:$X$81,2,FALSE),0)*Entry!$E$6+IF(ISNUMBER(VLOOKUP($AC$19*A46,Data!$C$2:$X$81,2,FALSE))=TRUE,VLOOKUP($AC$19*A46,Data!$C$2:$X$81,2,FALSE),0)*Entry!$E$7+IF(ISNUMBER(VLOOKUP($V$19*A46,Data!$C$2:$X$81,2,FALSE))=TRUE,VLOOKUP($V$19*A46,Data!$C$2:$X$81,2,FALSE),0)*Entry!$E$8+IF(ISNUMBER(VLOOKUP($O$19*A46,Data!$C$2:$X$81,2,FALSE))=TRUE,VLOOKUP($O$19*A46,Data!$C$2:$X$81,2,FALSE),0)*Entry!$E$9+IF(ISNUMBER(VLOOKUP($H$19*A46,Data!$C$2:$X$81,2,FALSE))=TRUE,VLOOKUP($H$19*A46,Data!$C$2:$X$81,2,FALSE),0)*Entry!$E$10+IF(ISNUMBER(VLOOKUP($A$19*A46,Data!$C$2:$X$81,2,FALSE))=TRUE,VLOOKUP($A$19*A46,Data!$C$2:$X$81,2,FALSE),0)*Entry!$E$11)/4 -> 11616440 | C46: =(IF(ISNUMBER(VLOOKUP($A$1*A46,Data!$C$2:$X$81,22,FALSE))=TRUE,VLOOKUP($A$1*A46,Data!$C$2:$X$81,22,FALSE),0)*Entry!$E$2+ IF(ISNUMBER(VLOOKUP($H$1*A46,Data!$C$2:$X$81,22,FALSE))=TRUE,VLOOKUP($H$1*A46,Data!$C$2:$X$81,22,FALSE),0)*Entry!$E$3+IF(ISNUMBER(VLOOKUP($O$1*A46,Data!$C$2:$X$81,22,FALSE))=TRUE,VLOOKUP($O$1*A46,Data!$C$2:$X$81,22,FALSE),0)*Entry!$E$4+IF(ISNUMBER(VLOOKUP($V$1*A46,Data!$C$2:$X$81,22,FALSE))=TRUE,VLOOKUP($V$1*A46,Data!$C$2:$X$81,22,FALSE),0)*Entry!$E$5+IF(ISNUMBER(VLOOKUP($AC$1*A46,Data!$C$2:$X$81,22,FALSE))=TRUE,VLOOKUP($AC$1*A46,Data!$C$2:$X$81,22,FALSE),0)*Entry!$E$6+IF(ISNUMBER(VLOOKUP($AC$19*A46,Data!$C$2:$X$81,22,FALSE))=TRUE,VLOOKUP($AC$19*A46,Data!$C$2:$X$81,22,FALSE),0)*Entry!$E$7+IF(ISNUMBER(VLOOKUP($V$19*A46,Data!$C$2:$X$81,22,FALSE))=TRUE,VLOOKUP($V$19*A46,Data!$C$2:$X$81,22,FALSE),0)*Entry!$E$8+IF(ISNUMBER(VLOOKUP($O$19*A46,Data!$C$2:$X$81,22,FALSE))=TRUE,VLOOKUP($O$19*A46,Data!$C$2:$X$81,22,FALSE),0)*Entry!$E$9+IF(ISNUMBER(VLOOKUP($H$19*A46,Data!$C$2:$X$81,22,FALSE))=TRUE,VLOOKUP($H$19*A46,Data!$C$2:$X$81,22,FALSE),0)*Entry!$E$10+IF(ISNUMBER(VLOOKUP($A$19*A46,Data!$C$2:$X$81,22,FALSE))=TRUE,VLOOKUP($A$19*A46,Data!$C$2:$X$81,22,FALSE),0)*Entry!$E$11)/4 -> 7856391 | D46: =C46/B46 -> 0.67631658 | E46: =(IF(ISNUMBER(VLOOKUP($V$1*A46,Data!$C$2:$X$81,2,FALSE))=TRUE,VLOOKUP($V$1*A46,Data!$C$2:$X$81,2,FALSE),0)*Entry!$F$5+IF(ISNUMBER(VLOOKUP($AC$1*A46,Data!$C$2:$X$81,2,FALSE))=TRUE,VLOOKUP($AC$1*A46,Data!$C$2:$X$81,2,FALSE),0)*Entry!$F$6+IF(ISNUMBER(VLOOKUP($AC$19*A46,Data!$C$2:$X$81,2,FALSE))=TRUE,VLOOKUP($AC$19*A46,Data!$C$2:$X$81,2,FALSE),0)*Entry!$F$7+IF(ISNUMBER(VLOOKUP($V$19*A46,Data!$C$2:$X$81,2,FALSE))=TRUE,VLOOKUP($V$19*A46,Data!$C$2:$X$81,2,FALSE),0)*Entry!$F$8)/4 -> 12684066 | F46: =(IF(ISNUMBER(VLOOKUP($V$1*A46,Data!$C$2:$X$81,22,FALSE))=TRUE,VLOOKUP($V$1*A46,Data!$C$2:$X$81,22,FALSE),0)*Entry!$F$5+IF(ISNUMBER(VLOOKUP($AC$1*A46,Data!$C$2:$X$81,22,FALSE))=TRUE,VLOOKUP($AC$1*A46,Data!$C$2:$X$81,22,FALSE),0)*Entry!$F$6+IF(ISNUMBER(VLOOKUP($AC$19*A46,Data!$C$2:$X$81,22,FALSE))=TRUE,VLOOKUP($AC$19*A46,Data!$C$2:$X$81,22,FALSE),0)*Entry!$F$7+IF(ISNUMBER(VLOOKUP($V$19*A46,Data!$C$2:$X$81,22,FALSE))=TRUE,VLOOKUP($V$19*A46,Data!$C$2:$X$81,22,FALSE),0)*Entry!$F$8)/4 -> 8608256.2 | G46: =F46/E46 -> 0.67866693 | H46: =Entry!$A$4 -> #N/A | J46: 8 | K46: =K45+50 -> 24700 | L46: =VLOOKUP(K46,Data!$C$1:$X$81,6,FALSE) -> 0 | M46: =VLOOKUP(K46,Data!$C$1:$X$81,18,FALSE) -> 0 | N46: =Entry!$A$8-K46 -> -132 | O46: =L46-N46 -> 132 | P46: =M46+N46 -> -132 | Q46: =(P45-P46)/P46 -> -0.37878788 | R46: =(O46-O45)/O45 -> 0.6097561 | S46: =K46 -> 24700 | T46: =Entry!$A$8 -> 24568 | U46: =LN(T46/K46) -> -0.0053584605 | V46: =VLOOKUP(K46,Data!$C$1:$X$81,5,FALSE)/100 -> 0 | W46: =(Entry!$A$16+((V46)^2)/2)*Entry!$A$18 -> 0.00057534247 | X46: =V46*SQRT(Entry!$A$18) -> 0 | Y46: =(U46+W46)/X46 -> #DIV/0! | Z46: =Y46-X46 -> #DIV/0! | AA46: =_xlfn.NORM.S.DIST(Y46,TRUE) -> #DIV/0! | AB46: =_xlfn.NORM.S.DIST(Z46,TRUE) -> #DIV/0! | AC46: =EXP(-Entry!$A$16*Entry!$A$18) -> 0.99942482 | AD46: =T46*AA46-K46*AC46*AB46 -> #DIV/0! | AE46: =VLOOKUP(K46,Data!$C$1:$X$81,19,FALSE)/100 -> 0 | AF46: =(Entry!$A$16+((AE46)^2)/2)*Entry!$A$18 -> 0.00057534247 | AG46: =AE46*SQRT(Entry!$A$18) -> 0 | AH46: =(U46+AF46)/AG46 -> #DIV/0! | AI46: =AH46-AG46 -> #DIV/0! | AJ46: =_xlfn.NORM.S.DIST(-AH46,TRUE) -> #DIV/0! | AK46: =_xlfn.NORM.S.DIST(-AI46,TRUE) -> #DIV/0! | AL46: =K46*AC46*AK46-T46*AJ46 -> #DIV/0! | AM46: =(L46-AD46)/AD46 -> #DIV/0! | AN46: =(M46-AL46)/AL46 -> #DIV/0! | AO46: =K46 -> 24700
D47: =MAX(D39:D46)-MIN(D39:D46) -> #DIV/0! | G47: =MAX(G39:G46)-MIN(G39:G46) -> #DIV/0! | H47: =MAX(H39:H46)-MIN(H39:H46) -> #N/A | J47: 9 | K47: =K46+50 -> 24750 | L47: =VLOOKUP(K47,Data!$C$1:$X$81,6,FALSE) -> 0 | M47: =VLOOKUP(K47,Data!$C$1:$X$81,18,FALSE) -> 0 | N47: =Entry!$A$8-K47 -> -182 | O47: =L47-N47 -> 182 | P47: =M47+N47 -> -182 | Q47: =(P46-P47)/P47 -> -0.27472527 | R47: =(O47-O46)/O46 -> 0.37878788 | S47: =K47 -> 24750 | T47: =Entry!$A$8 -> 24568 | U47: =LN(T47/K47) -> -0.0073807059 | V47: =VLOOKUP(K47,Data!$C$1:$X$81,5,FALSE)/100 -> 0 | W47: =(Entry!$A$16+((V47)^2)/2)*Entry!$A$18 -> 0.00057534247 | X47: =V47*SQRT(Entry!$A$18) -> 0 | Y47: =(U47+W47)/X47 -> #DIV/0! | Z47: =Y47-X47 -> #DIV/0! | AA47: =_xlfn.NORM.S.DIST(Y47,TRUE) -> #DIV/0! | AB47: =_xlfn.NORM.S.DIST(Z47,TRUE) -> #DIV/0! | AC47: =EXP(-Entry!$A$16*Entry!$A$18) -> 0.99942482 | AD47: =T47*AA47-K47*AC47*AB47 -> #DIV/0! | AE47: =VLOOKUP(K47,Data!$C$1:$X$81,19,FALSE)/100 -> 0 | AF47: =(Entry!$A$16+((AE47)^2)/2)*Entry!$A$18 -> 0.00057534247 | AG47: =AE47*SQRT(Entry!$A$18) -> 0 | AH47: =(U47+AF47)/AG47 -> #DIV/0! | AI47: =AH47-AG47 -> #DIV/0! | AJ47: =_xlfn.NORM.S.DIST(-AH47,TRUE) -> #DIV/0! | AK47: =_xlfn.NORM.S.DIST(-AI47,TRUE) -> #DIV/0! | AL47: =K47*AC47*AK47-T47*AJ47 -> #DIV/0! | AM47: =(L47-AD47)/AD47 -> #DIV/0! | AN47: =(M47-AL47)/AL47 -> #DIV/0! | AO47: =K47 -> 24750
J48: 10 | K48: =K47+50 -> 24800 | L48: =VLOOKUP(K48,Data!$C$1:$X$81,6,FALSE) -> 0 | M48: =VLOOKUP(K48,Data!$C$1:$X$81,18,FALSE) -> 0 | N48: =Entry!$A$8-K48 -> -232 | O48: =L48-N48 -> 232 | P48: =M48+N48 -> -232 | T48: =Entry!$A$8 -> 24568 | U48: =LN(T48/K48) -> -0.00939887 | V48: =VLOOKUP(K48,Data!$C$1:$X$81,5,FALSE)/100 -> 0 | W48: =(Entry!$A$16+((V48)^2)/2)*Entry!$A$18 -> 0.00057534247 | X48: =V48*SQRT(Entry!$A$18) -> 0 | Y48: =(U48+W48)/X48 -> #DIV/0! | Z48: =Y48-X48 -> #DIV/0! | AA48: =_xlfn.NORM.S.DIST(Y48,TRUE) -> #DIV/0! | AB48: =_xlfn.NORM.S.DIST(Z48,TRUE) -> #DIV/0! | AC48: =EXP(-Entry!$A$16*Entry!$A$18) -> 0.99942482 | AD48: =T48*AA48-K48*AC48*AB48 -> #DIV/0! | AE48: =VLOOKUP(K48,Data!$C$1:$X$81,19,FALSE)/100 -> 0 | AF48: =(Entry!$A$16+((AE48)^2)/2)*Entry!$A$18 -> 0.00057534247 | AG48: =AE48*SQRT(Entry!$A$18) -> 0 | AH48: =(U48+AF48)/AG48 -> #DIV/0! | AI48: =AH48-AG48 -> #DIV/0! | AJ48: =_xlfn.NORM.S.DIST(-AH48,TRUE) -> #DIV/0! | AK48: =_xlfn.NORM.S.DIST(-AI48,TRUE) -> #DIV/0! | AL48: =K48*AC48*AK48-T48*AJ48 -> #DIV/0! | AM48: =(L48-AD48)/AD48 -> #DIV/0! | AN48: =(M48-AL48)/AL48 -> #DIV/0! | AO48: =K48 -> 24800
A49: Mid VI | E49: Immediate | Q49: =MIN(Q40:Q47) -> -1.5625 | R49: =MIN(R40:R47) -> -2.7777778 | AM49: =MIN(AM39:AM48) -> #DIV/0! | AN49: =MIN(AN39:AN48) -> #DIV/0!
A50: S.no | B50: Call IV | C50: Put VI | D50: VI M | E50: Call VI | F50: Put VI | G50: VI I | H50: VI T
A51: 1 | B51: =(IF(ISNUMBER(VLOOKUP($A$1*A39,Data!$C$2:$X$81,5,FALSE))=TRUE,VLOOKUP($A$1*A39,Data!$C$2:$X$81,5,FALSE),0)+ IF(ISNUMBER(VLOOKUP($H$1*A39,Data!$C$2:$X$81,5,FALSE))=TRUE,VLOOKUP($H$1*A39,Data!$C$2:$X$81,5,FALSE),0)+IF(ISNUMBER(VLOOKUP($O$1*A39,Data!$C$2:$X$81,5,FALSE))=TRUE,VLOOKUP($O$1*A39,Data!$C$2:$X$81,5,FALSE),0)+IF(ISNUMBER(VLOOKUP($V$1*A39,Data!$C$2:$X$81,5,FALSE))=TRUE,VLOOKUP($V$1*A39,Data!$C$2:$X$81,5,FALSE),0)+IF(ISNUMBER(VLOOKUP($AC$1*A39,Data!$C$2:$X$81,5,FALSE))=TRUE,VLOOKUP($AC$1*A39,Data!$C$2:$X$81,5,FALSE),0)+IF(ISNUMBER(VLOOKUP($AC$19*A39,Data!$C$2:$X$81,5,FALSE))=TRUE,VLOOKUP($AC$19*A39,Data!$C$2:$X$81,5,FALSE),0)+IF(ISNUMBER(VLOOKUP($V$19*A39,Data!$C$2:$X$81,5,FALSE))=TRUE,VLOOKUP($V$19*A39,Data!$C$2:$X$81,5,FALSE),0)+IF(ISNUMBER(VLOOKUP($O$19*A39,Data!$C$2:$X$81,5,FALSE))=TRUE,VLOOKUP($O$19*A39,Data!$C$2:$X$81,5,FALSE),0)+IF(ISNUMBER(VLOOKUP($H$19*A39,Data!$C$2:$X$81,5,FALSE))=TRUE,VLOOKUP($H$19*A39,Data!$C$2:$X$81,5,FALSE),0)+IF(ISNUMBER(VLOOKUP($A$19*A39,Data!$C$2:$X$81,5,FALSE))=TRUE,VLOOKUP($A$19*A39,Data!$C$2:$X$81,5,FALSE),0)) -> 0 | C51: =(IF(ISNUMBER(VLOOKUP($A$1*A39,Data!$C$2:$X$81,19,FALSE))=TRUE,VLOOKUP($A$1*A39,Data!$C$2:$X$81,19,FALSE),0)+ IF(ISNUMBER(VLOOKUP($H$1*A39,Data!$C$2:$X$81,19,FALSE))=TRUE,VLOOKUP($H$1*A39,Data!$C$2:$X$81,19,FALSE),0)+IF(ISNUMBER(VLOOKUP($O$1*A39,Data!$C$2:$X$81,19,FALSE))=TRUE,VLOOKUP($O$1*A39,Data!$C$2:$X$81,19,FALSE),0)+IF(ISNUMBER(VLOOKUP($V$1*A39,Data!$C$2:$X$81,19,FALSE))=TRUE,VLOOKUP($V$1*A39,Data!$C$2:$X$81,19,FALSE),0)+IF(ISNUMBER(VLOOKUP($AC$1*A39,Data!$C$2:$X$81,19,FALSE))=TRUE,VLOOKUP($AC$1*A39,Data!$C$2:$X$81,19,FALSE),0)+IF(ISNUMBER(VLOOKUP($AC$19*A39,Data!$C$2:$X$81,19,FALSE))=TRUE,VLOOKUP($AC$19*A39,Data!$C$2:$X$81,19,FALSE),0)+IF(ISNUMBER(VLOOKUP($V$19*A39,Data!$C$2:$X$81,19,FALSE))=TRUE,VLOOKUP($V$19*A39,Data!$C$2:$X$81,19,FALSE),0)+IF(ISNUMBER(VLOOKUP($O$19*A39,Data!$C$2:$X$81,19,FALSE))=TRUE,VLOOKUP($O$19*A39,Data!$C$2:$X$81,19,FALSE),0)+IF(ISNUMBER(VLOOKUP($H$19*A39,Data!$C$2:$X$81,19,FALSE))=TRUE,VLOOKUP($H$19*A39,Data!$C$2:$X$81,19,FALSE),0)+IF(ISNUMBER(VLOOKUP($A$19*A39,Data!$C$2:$X$81,19,FALSE))=TRUE,VLOOKUP($A$19*A39,Data!$C$2:$X$81,19,FALSE),0)) -> 0 | D51: =(B51+C51)/20 -> 0 | E51: =(IF(ISNUMBER(VLOOKUP($V$1*A39,Data!$C$2:$X$81,5,FALSE))=TRUE,VLOOKUP($V$1*A39,Data!$C$2:$X$81,5,FALSE),0)+IF(ISNUMBER(VLOOKUP($AC$1*A39,Data!$C$2:$X$81,5,FALSE))=TRUE,VLOOKUP($AC$1*A39,Data!$C$2:$X$81,5,FALSE),0)+IF(ISNUMBER(VLOOKUP($AC$19*A39,Data!$C$2:$X$81,5,FALSE))=TRUE,VLOOKUP($AC$19*A39,Data!$C$2:$X$81,5,FALSE),0)+IF(ISNUMBER(VLOOKUP($V$19*A39,Data!$C$2:$X$81,5,FALSE))=TRUE,VLOOKUP($V$19*A39,Data!$C$2:$X$81,5,FALSE),0)) -> 0 | F51: =(IF(ISNUMBER(VLOOKUP($V$1*A39,Data!$C$2:$X$81,19,FALSE))=TRUE,VLOOKUP($V$1*A39,Data!$C$2:$X$81,19,FALSE),0)+IF(ISNUMBER(VLOOKUP($AC$1*A39,Data!$C$2:$X$81,19,FALSE))=TRUE,VLOOKUP($AC$1*A39,Data!$C$2:$X$81,19,FALSE),0)+IF(ISNUMBER(VLOOKUP($AC$19*A39,Data!$C$2:$X$81,19,FALSE))=TRUE,VLOOKUP($AC$19*A39,Data!$C$2:$X$81,19,FALSE),0)+IF(ISNUMBER(VLOOKUP($V$19*A39,Data!$C$2:$X$81,19,FALSE))=TRUE,VLOOKUP($V$19*A39,Data!$C$2:$X$81,19,FALSE),0)) -> 0 | G51: =(E51+F51)/8 -> 0 | H51: =Entry!B24 -> 6.06
A52: 2 | B52: =(IF(ISNUMBER(VLOOKUP($A$1*A40,Data!$C$2:$X$81,5,FALSE))=TRUE,VLOOKUP($A$1*A40,Data!$C$2:$X$81,5,FALSE),0)+ IF(ISNUMBER(VLOOKUP($H$1*A40,Data!$C$2:$X$81,5,FALSE))=TRUE,VLOOKUP($H$1*A40,Data!$C$2:$X$81,5,FALSE),0)+IF(ISNUMBER(VLOOKUP($O$1*A40,Data!$C$2:$X$81,5,FALSE))=TRUE,VLOOKUP($O$1*A40,Data!$C$2:$X$81,5,FALSE),0)+IF(ISNUMBER(VLOOKUP($V$1*A40,Data!$C$2:$X$81,5,FALSE))=TRUE,VLOOKUP($V$1*A40,Data!$C$2:$X$81,5,FALSE),0)+IF(ISNUMBER(VLOOKUP($AC$1*A40,Data!$C$2:$X$81,5,FALSE))=TRUE,VLOOKUP($AC$1*A40,Data!$C$2:$X$81,5,FALSE),0)+IF(ISNUMBER(VLOOKUP($AC$19*A40,Data!$C$2:$X$81,5,FALSE))=TRUE,VLOOKUP($AC$19*A40,Data!$C$2:$X$81,5,FALSE),0)+IF(ISNUMBER(VLOOKUP($V$19*A40,Data!$C$2:$X$81,5,FALSE))=TRUE,VLOOKUP($V$19*A40,Data!$C$2:$X$81,5,FALSE),0)+IF(ISNUMBER(VLOOKUP($O$19*A40,Data!$C$2:$X$81,5,FALSE))=TRUE,VLOOKUP($O$19*A40,Data!$C$2:$X$81,5,FALSE),0)+IF(ISNUMBER(VLOOKUP($H$19*A40,Data!$C$2:$X$81,5,FALSE))=TRUE,VLOOKUP($H$19*A40,Data!$C$2:$X$81,5,FALSE),0)+IF(ISNUMBER(VLOOKUP($A$19*A40,Data!$C$2:$X$81,5,FALSE))=TRUE,VLOOKUP($A$19*A40,Data!$C$2:$X$81,5,FALSE),0)) -> 26 | C52: =(IF(ISNUMBER(VLOOKUP($A$1*A40,Data!$C$2:$X$81,19,FALSE))=TRUE,VLOOKUP($A$1*A40,Data!$C$2:$X$81,19,FALSE),0)+ IF(ISNUMBER(VLOOKUP($H$1*A40,Data!$C$2:$X$81,19,FALSE))=TRUE,VLOOKUP($H$1*A40,Data!$C$2:$X$81,19,FALSE),0)+IF(ISNUMBER(VLOOKUP($O$1*A40,Data!$C$2:$X$81,19,FALSE))=TRUE,VLOOKUP($O$1*A40,Data!$C$2:$X$81,19,FALSE),0)+IF(ISNUMBER(VLOOKUP($V$1*A40,Data!$C$2:$X$81,19,FALSE))=TRUE,VLOOKUP($V$1*A40,Data!$C$2:$X$81,19,FALSE),0)+IF(ISNUMBER(VLOOKUP($AC$1*A40,Data!$C$2:$X$81,19,FALSE))=TRUE,VLOOKUP($AC$1*A40,Data!$C$2:$X$81,19,FALSE),0)+IF(ISNUMBER(VLOOKUP($AC$19*A40,Data!$C$2:$X$81,19,FALSE))=TRUE,VLOOKUP($AC$19*A40,Data!$C$2:$X$81,19,FALSE),0)+IF(ISNUMBER(VLOOKUP($V$19*A40,Data!$C$2:$X$81,19,FALSE))=TRUE,VLOOKUP($V$19*A40,Data!$C$2:$X$81,19,FALSE),0)+IF(ISNUMBER(VLOOKUP($O$19*A40,Data!$C$2:$X$81,19,FALSE))=TRUE,VLOOKUP($O$19*A40,Data!$C$2:$X$81,19,FALSE),0)+IF(ISNUMBER(VLOOKUP($H$19*A40,Data!$C$2:$X$81,19,FALSE))=TRUE,VLOOKUP($H$19*A40,Data!$C$2:$X$81,19,FALSE),0)+IF(ISNUMBER(VLOOKUP($A$19*A40,Data!$C$2:$X$81,19,FALSE))=TRUE,VLOOKUP($A$19*A40,Data!$C$2:$X$81,19,FALSE),0)) -> 85.92 | D52: =(B52+C52)/20 -> 5.596 | E52: =(IF(ISNUMBER(VLOOKUP($V$1*A40,Data!$C$2:$X$81,5,FALSE))=TRUE,VLOOKUP($V$1*A40,Data!$C$2:$X$81,5,FALSE),0)+IF(ISNUMBER(VLOOKUP($AC$1*A40,Data!$C$2:$X$81,5,FALSE))=TRUE,VLOOKUP($AC$1*A40,Data!$C$2:$X$81,5,FALSE),0)+IF(ISNUMBER(VLOOKUP($AC$19*A40,Data!$C$2:$X$81,5,FALSE))=TRUE,VLOOKUP($AC$19*A40,Data!$C$2:$X$81,5,FALSE),0)+IF(ISNUMBER(VLOOKUP($V$19*A40,Data!$C$2:$X$81,5,FALSE))=TRUE,VLOOKUP($V$19*A40,Data!$C$2:$X$81,5,FALSE),0)) -> 8 | F52: =(IF(ISNUMBER(VLOOKUP($V$1*A40,Data!$C$2:$X$81,19,FALSE))=TRUE,VLOOKUP($V$1*A40,Data!$C$2:$X$81,19,FALSE),0)+IF(ISNUMBER(VLOOKUP($AC$1*A40,Data!$C$2:$X$81,19,FALSE))=TRUE,VLOOKUP($AC$1*A40,Data!$C$2:$X$81,19,FALSE),0)+IF(ISNUMBER(VLOOKUP($AC$19*A40,Data!$C$2:$X$81,19,FALSE))=TRUE,VLOOKUP($AC$19*A40,Data!$C$2:$X$81,19,FALSE),0)+IF(ISNUMBER(VLOOKUP($V$19*A40,Data!$C$2:$X$81,19,FALSE))=TRUE,VLOOKUP($V$19*A40,Data!$C$2:$X$81,19,FALSE),0)) -> 24.74 | G52: =(E52+F52)/8 -> 4.0925 | H52: =Entry!$A$24 -> #N/A
A53: 3 | B53: =(IF(ISNUMBER(VLOOKUP($A$1*A41,Data!$C$2:$X$81,5,FALSE))=TRUE,VLOOKUP($A$1*A41,Data!$C$2:$X$81,5,FALSE),0)+ IF(ISNUMBER(VLOOKUP($H$1*A41,Data!$C$2:$X$81,5,FALSE))=TRUE,VLOOKUP($H$1*A41,Data!$C$2:$X$81,5,FALSE),0)+IF(ISNUMBER(VLOOKUP($O$1*A41,Data!$C$2:$X$81,5,FALSE))=TRUE,VLOOKUP($O$1*A41,Data!$C$2:$X$81,5,FALSE),0)+IF(ISNUMBER(VLOOKUP($V$1*A41,Data!$C$2:$X$81,5,FALSE))=TRUE,VLOOKUP($V$1*A41,Data!$C$2:$X$81,5,FALSE),0)+IF(ISNUMBER(VLOOKUP($AC$1*A41,Data!$C$2:$X$81,5,FALSE))=TRUE,VLOOKUP($AC$1*A41,Data!$C$2:$X$81,5,FALSE),0)+IF(ISNUMBER(VLOOKUP($AC$19*A41,Data!$C$2:$X$81,5,FALSE))=TRUE,VLOOKUP($AC$19*A41,Data!$C$2:$X$81,5,FALSE),0)+IF(ISNUMBER(VLOOKUP($V$19*A41,Data!$C$2:$X$81,5,FALSE))=TRUE,VLOOKUP($V$19*A41,Data!$C$2:$X$81,5,FALSE),0)+IF(ISNUMBER(VLOOKUP($O$19*A41,Data!$C$2:$X$81,5,FALSE))=TRUE,VLOOKUP($O$19*A41,Data!$C$2:$X$81,5,FALSE),0)+IF(ISNUMBER(VLOOKUP($H$19*A41,Data!$C$2:$X$81,5,FALSE))=TRUE,VLOOKUP($H$19*A41,Data!$C$2:$X$81,5,FALSE),0)+IF(ISNUMBER(VLOOKUP($A$19*A41,Data!$C$2:$X$81,5,FALSE))=TRUE,VLOOKUP($A$19*A41,Data!$C$2:$X$81,5,FALSE),0)) -> 27 | C53: =(IF(ISNUMBER(VLOOKUP($A$1*A41,Data!$C$2:$X$81,19,FALSE))=TRUE,VLOOKUP($A$1*A41,Data!$C$2:$X$81,19,FALSE),0)+ IF(ISNUMBER(VLOOKUP($H$1*A41,Data!$C$2:$X$81,19,FALSE))=TRUE,VLOOKUP($H$1*A41,Data!$C$2:$X$81,19,FALSE),0)+IF(ISNUMBER(VLOOKUP($O$1*A41,Data!$C$2:$X$81,19,FALSE))=TRUE,VLOOKUP($O$1*A41,Data!$C$2:$X$81,19,FALSE),0)+IF(ISNUMBER(VLOOKUP($V$1*A41,Data!$C$2:$X$81,19,FALSE))=TRUE,VLOOKUP($V$1*A41,Data!$C$2:$X$81,19,FALSE),0)+IF(ISNUMBER(VLOOKUP($AC$1*A41,Data!$C$2:$X$81,19,FALSE))=TRUE,VLOOKUP($AC$1*A41,Data!$C$2:$X$81,19,FALSE),0)+IF(ISNUMBER(VLOOKUP($AC$19*A41,Data!$C$2:$X$81,19,FALSE))=TRUE,VLOOKUP($AC$19*A41,Data!$C$2:$X$81,19,FALSE),0)+IF(ISNUMBER(VLOOKUP($V$19*A41,Data!$C$2:$X$81,19,FALSE))=TRUE,VLOOKUP($V$19*A41,Data!$C$2:$X$81,19,FALSE),0)+IF(ISNUMBER(VLOOKUP($O$19*A41,Data!$C$2:$X$81,19,FALSE))=TRUE,VLOOKUP($O$19*A41,Data!$C$2:$X$81,19,FALSE),0)+IF(ISNUMBER(VLOOKUP($H$19*A41,Data!$C$2:$X$81,19,FALSE))=TRUE,VLOOKUP($H$19*A41,Data!$C$2:$X$81,19,FALSE),0)+IF(ISNUMBER(VLOOKUP($A$19*A41,Data!$C$2:$X$81,19,FALSE))=TRUE,VLOOKUP($A$19*A41,Data!$C$2:$X$81,19,FALSE),0)) -> 81.63 | D53: =(B53+C53)/20 -> 5.4315 | E53: =(IF(ISNUMBER(VLOOKUP($V$1*A41,Data!$C$2:$X$81,5,FALSE))=TRUE,VLOOKUP($V$1*A41,Data!$C$2:$X$81,5,FALSE),0)+IF(ISNUMBER(VLOOKUP($AC$1*A41,Data!$C$2:$X$81,5,FALSE))=TRUE,VLOOKUP($AC$1*A41,Data!$C$2:$X$81,5,FALSE),0)+IF(ISNUMBER(VLOOKUP($AC$19*A41,Data!$C$2:$X$81,5,FALSE))=TRUE,VLOOKUP($AC$19*A41,Data!$C$2:$X$81,5,FALSE),0)+IF(ISNUMBER(VLOOKUP($V$19*A41,Data!$C$2:$X$81,5,FALSE))=TRUE,VLOOKUP($V$19*A41,Data!$C$2:$X$81,5,FALSE),0)) -> 9 | F53: =(IF(ISNUMBER(VLOOKUP($V$1*A41,Data!$C$2:$X$81,19,FALSE))=TRUE,VLOOKUP($V$1*A41,Data!$C$2:$X$81,19,FALSE),0)+IF(ISNUMBER(VLOOKUP($AC$1*A41,Data!$C$2:$X$81,19,FALSE))=TRUE,VLOOKUP($AC$1*A41,Data!$C$2:$X$81,19,FALSE),0)+IF(ISNUMBER(VLOOKUP($AC$19*A41,Data!$C$2:$X$81,19,FALSE))=TRUE,VLOOKUP($AC$19*A41,Data!$C$2:$X$81,19,FALSE),0)+IF(ISNUMBER(VLOOKUP($V$19*A41,Data!$C$2:$X$81,19,FALSE))=TRUE,VLOOKUP($V$19*A41,Data!$C$2:$X$81,19,FALSE),0)) -> 23.35 | G53: =(E53+F53)/8 -> 4.04375 | H53: =Entry!$A$24 -> #N/A
A54: 4 | B54: =(IF(ISNUMBER(VLOOKUP($A$1*A42,Data!$C$2:$X$81,5,FALSE))=TRUE,VLOOKUP($A$1*A42,Data!$C$2:$X$81,5,FALSE),0)+ IF(ISNUMBER(VLOOKUP($H$1*A42,Data!$C$2:$X$81,5,FALSE))=TRUE,VLOOKUP($H$1*A42,Data!$C$2:$X$81,5,FALSE),0)+IF(ISNUMBER(VLOOKUP($O$1*A42,Data!$C$2:$X$81,5,FALSE))=TRUE,VLOOKUP($O$1*A42,Data!$C$2:$X$81,5,FALSE),0)+IF(ISNUMBER(VLOOKUP($V$1*A42,Data!$C$2:$X$81,5,FALSE))=TRUE,VLOOKUP($V$1*A42,Data!$C$2:$X$81,5,FALSE),0)+IF(ISNUMBER(VLOOKUP($AC$1*A42,Data!$C$2:$X$81,5,FALSE))=TRUE,VLOOKUP($AC$1*A42,Data!$C$2:$X$81,5,FALSE),0)+IF(ISNUMBER(VLOOKUP($AC$19*A42,Data!$C$2:$X$81,5,FALSE))=TRUE,VLOOKUP($AC$19*A42,Data!$C$2:$X$81,5,FALSE),0)+IF(ISNUMBER(VLOOKUP($V$19*A42,Data!$C$2:$X$81,5,FALSE))=TRUE,VLOOKUP($V$19*A42,Data!$C$2:$X$81,5,FALSE),0)+IF(ISNUMBER(VLOOKUP($O$19*A42,Data!$C$2:$X$81,5,FALSE))=TRUE,VLOOKUP($O$19*A42,Data!$C$2:$X$81,5,FALSE),0)+IF(ISNUMBER(VLOOKUP($H$19*A42,Data!$C$2:$X$81,5,FALSE))=TRUE,VLOOKUP($H$19*A42,Data!$C$2:$X$81,5,FALSE),0)+IF(ISNUMBER(VLOOKUP($A$19*A42,Data!$C$2:$X$81,5,FALSE))=TRUE,VLOOKUP($A$19*A42,Data!$C$2:$X$81,5,FALSE),0)) -> 20 | C54: =(IF(ISNUMBER(VLOOKUP($A$1*A42,Data!$C$2:$X$81,19,FALSE))=TRUE,VLOOKUP($A$1*A42,Data!$C$2:$X$81,19,FALSE),0)+ IF(ISNUMBER(VLOOKUP($H$1*A42,Data!$C$2:$X$81,19,FALSE))=TRUE,VLOOKUP($H$1*A42,Data!$C$2:$X$81,19,FALSE),0)+IF(ISNUMBER(VLOOKUP($O$1*A42,Data!$C$2:$X$81,19,FALSE))=TRUE,VLOOKUP($O$1*A42,Data!$C$2:$X$81,19,FALSE),0)+IF(ISNUMBER(VLOOKUP($V$1*A42,Data!$C$2:$X$81,19,FALSE))=TRUE,VLOOKUP($V$1*A42,Data!$C$2:$X$81,19,FALSE),0)+IF(ISNUMBER(VLOOKUP($AC$1*A42,Data!$C$2:$X$81,19,FALSE))=TRUE,VLOOKUP($AC$1*A42,Data!$C$2:$X$81,19,FALSE),0)+IF(ISNUMBER(VLOOKUP($AC$19*A42,Data!$C$2:$X$81,19,FALSE))=TRUE,VLOOKUP($AC$19*A42,Data!$C$2:$X$81,19,FALSE),0)+IF(ISNUMBER(VLOOKUP($V$19*A42,Data!$C$2:$X$81,19,FALSE))=TRUE,VLOOKUP($V$19*A42,Data!$C$2:$X$81,19,FALSE),0)+IF(ISNUMBER(VLOOKUP($O$19*A42,Data!$C$2:$X$81,19,FALSE))=TRUE,VLOOKUP($O$19*A42,Data!$C$2:$X$81,19,FALSE),0)+IF(ISNUMBER(VLOOKUP($H$19*A42,Data!$C$2:$X$81,19,FALSE))=TRUE,VLOOKUP($H$19*A42,Data!$C$2:$X$81,19,FALSE),0)+IF(ISNUMBER(VLOOKUP($A$19*A42,Data!$C$2:$X$81,19,FALSE))=TRUE,VLOOKUP($A$19*A42,Data!$C$2:$X$81,19,FALSE),0)) -> 65.88 | D54: =(B54+C54)/20 -> 4.294 | E54: =(IF(ISNUMBER(VLOOKUP($V$1*A42,Data!$C$2:$X$81,5,FALSE))=TRUE,VLOOKUP($V$1*A42,Data!$C$2:$X$81,5,FALSE),0)+IF(ISNUMBER(VLOOKUP($AC$1*A42,Data!$C$2:$X$81,5,FALSE))=TRUE,VLOOKUP($AC$1*A42,Data!$C$2:$X$81,5,FALSE),0)+IF(ISNUMBER(VLOOKUP($AC$19*A42,Data!$C$2:$X$81,5,FALSE))=TRUE,VLOOKUP($AC$19*A42,Data!$C$2:$X$81,5,FALSE),0)+IF(ISNUMBER(VLOOKUP($V$19*A42,Data!$C$2:$X$81,5,FALSE))=TRUE,VLOOKUP($V$19*A42,Data!$C$2:$X$81,5,FALSE),0)) -> 9 | F54: =(IF(ISNUMBER(VLOOKUP($V$1*A42,Data!$C$2:$X$81,19,FALSE))=TRUE,VLOOKUP($V$1*A42,Data!$C$2:$X$81,19,FALSE),0)+IF(ISNUMBER(VLOOKUP($AC$1*A42,Data!$C$2:$X$81,19,FALSE))=TRUE,VLOOKUP($AC$1*A42,Data!$C$2:$X$81,19,FALSE),0)+IF(ISNUMBER(VLOOKUP($AC$19*A42,Data!$C$2:$X$81,19,FALSE))=TRUE,VLOOKUP($AC$19*A42,Data!$C$2:$X$81,19,FALSE),0)+IF(ISNUMBER(VLOOKUP($V$19*A42,Data!$C$2:$X$81,19,FALSE))=TRUE,VLOOKUP($V$19*A42,Data!$C$2:$X$81,19,FALSE),0)) -> 23.35 | G54: =(E54+F54)/8 -> 4.04375 | H54: =Entry!$A$24 -> #N/A
A55: 5 | B55: =(IF(ISNUMBER(VLOOKUP($A$1*A43,Data!$C$2:$X$81,5,FALSE))=TRUE,VLOOKUP($A$1*A43,Data!$C$2:$X$81,5,FALSE),0)+ IF(ISNUMBER(VLOOKUP($H$1*A43,Data!$C$2:$X$81,5,FALSE))=TRUE,VLOOKUP($H$1*A43,Data!$C$2:$X$81,5,FALSE),0)+IF(ISNUMBER(VLOOKUP($O$1*A43,Data!$C$2:$X$81,5,FALSE))=TRUE,VLOOKUP($O$1*A43,Data!$C$2:$X$81,5,FALSE),0)+IF(ISNUMBER(VLOOKUP($V$1*A43,Data!$C$2:$X$81,5,FALSE))=TRUE,VLOOKUP($V$1*A43,Data!$C$2:$X$81,5,FALSE),0)+IF(ISNUMBER(VLOOKUP($AC$1*A43,Data!$C$2:$X$81,5,FALSE))=TRUE,VLOOKUP($AC$1*A43,Data!$C$2:$X$81,5,FALSE),0)+IF(ISNUMBER(VLOOKUP($AC$19*A43,Data!$C$2:$X$81,5,FALSE))=TRUE,VLOOKUP($AC$19*A43,Data!$C$2:$X$81,5,FALSE),0)+IF(ISNUMBER(VLOOKUP($V$19*A43,Data!$C$2:$X$81,5,FALSE))=TRUE,VLOOKUP($V$19*A43,Data!$C$2:$X$81,5,FALSE),0)+IF(ISNUMBER(VLOOKUP($O$19*A43,Data!$C$2:$X$81,5,FALSE))=TRUE,VLOOKUP($O$19*A43,Data!$C$2:$X$81,5,FALSE),0)+IF(ISNUMBER(VLOOKUP($H$19*A43,Data!$C$2:$X$81,5,FALSE))=TRUE,VLOOKUP($H$19*A43,Data!$C$2:$X$81,5,FALSE),0)+IF(ISNUMBER(VLOOKUP($A$19*A43,Data!$C$2:$X$81,5,FALSE))=TRUE,VLOOKUP($A$19*A43,Data!$C$2:$X$81,5,FALSE),0)) -> 20 | C55: =(IF(ISNUMBER(VLOOKUP($A$1*A43,Data!$C$2:$X$81,19,FALSE))=TRUE,VLOOKUP($A$1*A43,Data!$C$2:$X$81,19,FALSE),0)+ IF(ISNUMBER(VLOOKUP($H$1*A43,Data!$C$2:$X$81,19,FALSE))=TRUE,VLOOKUP($H$1*A43,Data!$C$2:$X$81,19,FALSE),0)+IF(ISNUMBER(VLOOKUP($O$1*A43,Data!$C$2:$X$81,19,FALSE))=TRUE,VLOOKUP($O$1*A43,Data!$C$2:$X$81,19,FALSE),0)+IF(ISNUMBER(VLOOKUP($V$1*A43,Data!$C$2:$X$81,19,FALSE))=TRUE,VLOOKUP($V$1*A43,Data!$C$2:$X$81,19,FALSE),0)+IF(ISNUMBER(VLOOKUP($AC$1*A43,Data!$C$2:$X$81,19,FALSE))=TRUE,VLOOKUP($AC$1*A43,Data!$C$2:$X$81,19,FALSE),0)+IF(ISNUMBER(VLOOKUP($AC$19*A43,Data!$C$2:$X$81,19,FALSE))=TRUE,VLOOKUP($AC$19*A43,Data!$C$2:$X$81,19,FALSE),0)+IF(ISNUMBER(VLOOKUP($V$19*A43,Data!$C$2:$X$81,19,FALSE))=TRUE,VLOOKUP($V$19*A43,Data!$C$2:$X$81,19,FALSE),0)+IF(ISNUMBER(VLOOKUP($O$19*A43,Data!$C$2:$X$81,19,FALSE))=TRUE,VLOOKUP($O$19*A43,Data!$C$2:$X$81,19,FALSE),0)+IF(ISNUMBER(VLOOKUP($H$19*A43,Data!$C$2:$X$81,19,FALSE))=TRUE,VLOOKUP($H$19*A43,Data!$C$2:$X$81,19,FALSE),0)+IF(ISNUMBER(VLOOKUP($A$19*A43,Data!$C$2:$X$81,19,FALSE))=TRUE,VLOOKUP($A$19*A43,Data!$C$2:$X$81,19,FALSE),0)) -> 65.88 | D55: =(B55+C55)/20 -> 4.294 | E55: =(IF(ISNUMBER(VLOOKUP($V$1*A43,Data!$C$2:$X$81,5,FALSE))=TRUE,VLOOKUP($V$1*A43,Data!$C$2:$X$81,5,FALSE),0)+IF(ISNUMBER(VLOOKUP($AC$1*A43,Data!$C$2:$X$81,5,FALSE))=TRUE,VLOOKUP($AC$1*A43,Data!$C$2:$X$81,5,FALSE),0)+IF(ISNUMBER(VLOOKUP($AC$19*A43,Data!$C$2:$X$81,5,FALSE))=TRUE,VLOOKUP($AC$19*A43,Data!$C$2:$X$81,5,FALSE),0)+IF(ISNUMBER(VLOOKUP($V$19*A43,Data!$C$2:$X$81,5,FALSE))=TRUE,VLOOKUP($V$19*A43,Data!$C$2:$X$81,5,FALSE),0)) -> 9 | F55: =(IF(ISNUMBER(VLOOKUP($V$1*A43,Data!$C$2:$X$81,19,FALSE))=TRUE,VLOOKUP($V$1*A43,Data!$C$2:$X$81,19,FALSE),0)+IF(ISNUMBER(VLOOKUP($AC$1*A43,Data!$C$2:$X$81,19,FALSE))=TRUE,VLOOKUP($AC$1*A43,Data!$C$2:$X$81,19,FALSE),0)+IF(ISNUMBER(VLOOKUP($AC$19*A43,Data!$C$2:$X$81,19,FALSE))=TRUE,VLOOKUP($AC$19*A43,Data!$C$2:$X$81,19,FALSE),0)+IF(ISNUMBER(VLOOKUP($V$19*A43,Data!$C$2:$X$81,19,FALSE))=TRUE,VLOOKUP($V$19*A43,Data!$C$2:$X$81,19,FALSE),0)) -> 23.35 | G55: =(E55+F55)/8 -> 4.04375 | H55: =Entry!$A$24 -> #N/A
A56: 6 | B56: =(IF(ISNUMBER(VLOOKUP($A$1*A44,Data!$C$2:$X$81,5,FALSE))=TRUE,VLOOKUP($A$1*A44,Data!$C$2:$X$81,5,FALSE),0)+ IF(ISNUMBER(VLOOKUP($H$1*A44,Data!$C$2:$X$81,5,FALSE))=TRUE,VLOOKUP($H$1*A44,Data!$C$2:$X$81,5,FALSE),0)+IF(ISNUMBER(VLOOKUP($O$1*A44,Data!$C$2:$X$81,5,FALSE))=TRUE,VLOOKUP($O$1*A44,Data!$C$2:$X$81,5,FALSE),0)+IF(ISNUMBER(VLOOKUP($V$1*A44,Data!$C$2:$X$81,5,FALSE))=TRUE,VLOOKUP($V$1*A44,Data!$C$2:$X$81,5,FALSE),0)+IF(ISNUMBER(VLOOKUP($AC$1*A44,Data!$C$2:$X$81,5,FALSE))=TRUE,VLOOKUP($AC$1*A44,Data!$C$2:$X$81,5,FALSE),0)+IF(ISNUMBER(VLOOKUP($AC$19*A44,Data!$C$2:$X$81,5,FALSE))=TRUE,VLOOKUP($AC$19*A44,Data!$C$2:$X$81,5,FALSE),0)+IF(ISNUMBER(VLOOKUP($V$19*A44,Data!$C$2:$X$81,5,FALSE))=TRUE,VLOOKUP($V$19*A44,Data!$C$2:$X$81,5,FALSE),0)+IF(ISNUMBER(VLOOKUP($O$19*A44,Data!$C$2:$X$81,5,FALSE))=TRUE,VLOOKUP($O$19*A44,Data!$C$2:$X$81,5,FALSE),0)+IF(ISNUMBER(VLOOKUP($H$19*A44,Data!$C$2:$X$81,5,FALSE))=TRUE,VLOOKUP($H$19*A44,Data!$C$2:$X$81,5,FALSE),0)+IF(ISNUMBER(VLOOKUP($A$19*A44,Data!$C$2:$X$81,5,FALSE))=TRUE,VLOOKUP($A$19*A44,Data!$C$2:$X$81,5,FALSE),0)) -> 20 | C56: =(IF(ISNUMBER(VLOOKUP($A$1*A44,Data!$C$2:$X$81,19,FALSE))=TRUE,VLOOKUP($A$1*A44,Data!$C$2:$X$81,19,FALSE),0)+ IF(ISNUMBER(VLOOKUP($H$1*A44,Data!$C$2:$X$81,19,FALSE))=TRUE,VLOOKUP($H$1*A44,Data!$C$2:$X$81,19,FALSE),0)+IF(ISNUMBER(VLOOKUP($O$1*A44,Data!$C$2:$X$81,19,FALSE))=TRUE,VLOOKUP($O$1*A44,Data!$C$2:$X$81,19,FALSE),0)+IF(ISNUMBER(VLOOKUP($V$1*A44,Data!$C$2:$X$81,19,FALSE))=TRUE,VLOOKUP($V$1*A44,Data!$C$2:$X$81,19,FALSE),0)+IF(ISNUMBER(VLOOKUP($AC$1*A44,Data!$C$2:$X$81,19,FALSE))=TRUE,VLOOKUP($AC$1*A44,Data!$C$2:$X$81,19,FALSE),0)+IF(ISNUMBER(VLOOKUP($AC$19*A44,Data!$C$2:$X$81,19,FALSE))=TRUE,VLOOKUP($AC$19*A44,Data!$C$2:$X$81,19,FALSE),0)+IF(ISNUMBER(VLOOKUP($V$19*A44,Data!$C$2:$X$81,19,FALSE))=TRUE,VLOOKUP($V$19*A44,Data!$C$2:$X$81,19,FALSE),0)+IF(ISNUMBER(VLOOKUP($O$19*A44,Data!$C$2:$X$81,19,FALSE))=TRUE,VLOOKUP($O$19*A44,Data!$C$2:$X$81,19,FALSE),0)+IF(ISNUMBER(VLOOKUP($H$19*A44,Data!$C$2:$X$81,19,FALSE))=TRUE,VLOOKUP($H$19*A44,Data!$C$2:$X$81,19,FALSE),0)+IF(ISNUMBER(VLOOKUP($A$19*A44,Data!$C$2:$X$81,19,FALSE))=TRUE,VLOOKUP($A$19*A44,Data!$C$2:$X$81,19,FALSE),0)) -> 65.88 | D56: =(B56+C56)/20 -> 4.294 | E56: =(IF(ISNUMBER(VLOOKUP($V$1*A44,Data!$C$2:$X$81,5,FALSE))=TRUE,VLOOKUP($V$1*A44,Data!$C$2:$X$81,5,FALSE),0)+IF(ISNUMBER(VLOOKUP($AC$1*A44,Data!$C$2:$X$81,5,FALSE))=TRUE,VLOOKUP($AC$1*A44,Data!$C$2:$X$81,5,FALSE),0)+IF(ISNUMBER(VLOOKUP($AC$19*A44,Data!$C$2:$X$81,5,FALSE))=TRUE,VLOOKUP($AC$19*A44,Data!$C$2:$X$81,5,FALSE),0)+IF(ISNUMBER(VLOOKUP($V$19*A44,Data!$C$2:$X$81,5,FALSE))=TRUE,VLOOKUP($V$19*A44,Data!$C$2:$X$81,5,FALSE),0)) -> 9 | F56: =(IF(ISNUMBER(VLOOKUP($V$1*A44,Data!$C$2:$X$81,19,FALSE))=TRUE,VLOOKUP($V$1*A44,Data!$C$2:$X$81,19,FALSE),0)+IF(ISNUMBER(VLOOKUP($AC$1*A44,Data!$C$2:$X$81,19,FALSE))=TRUE,VLOOKUP($AC$1*A44,Data!$C$2:$X$81,19,FALSE),0)+IF(ISNUMBER(VLOOKUP($AC$19*A44,Data!$C$2:$X$81,19,FALSE))=TRUE,VLOOKUP($AC$19*A44,Data!$C$2:$X$81,19,FALSE),0)+IF(ISNUMBER(VLOOKUP($V$19*A44,Data!$C$2:$X$81,19,FALSE))=TRUE,VLOOKUP($V$19*A44,Data!$C$2:$X$81,19,FALSE),0)) -> 23.35 | G56: =(E56+F56)/8 -> 4.04375 | H56: =Entry!$A$24 -> #N/A
A57: 7 | B57: =(IF(ISNUMBER(VLOOKUP($A$1*A45,Data!$C$2:$X$81,5,FALSE))=TRUE,VLOOKUP($A$1*A45,Data!$C$2:$X$81,5,FALSE),0)+ IF(ISNUMBER(VLOOKUP($H$1*A45,Data!$C$2:$X$81,5,FALSE))=TRUE,VLOOKUP($H$1*A45,Data!$C$2:$X$81,5,FALSE),0)+IF(ISNUMBER(VLOOKUP($O$1*A45,Data!$C$2:$X$81,5,FALSE))=TRUE,VLOOKUP($O$1*A45,Data!$C$2:$X$81,5,FALSE),0)+IF(ISNUMBER(VLOOKUP($V$1*A45,Data!$C$2:$X$81,5,FALSE))=TRUE,VLOOKUP($V$1*A45,Data!$C$2:$X$81,5,FALSE),0)+IF(ISNUMBER(VLOOKUP($AC$1*A45,Data!$C$2:$X$81,5,FALSE))=TRUE,VLOOKUP($AC$1*A45,Data!$C$2:$X$81,5,FALSE),0)+IF(ISNUMBER(VLOOKUP($AC$19*A45,Data!$C$2:$X$81,5,FALSE))=TRUE,VLOOKUP($AC$19*A45,Data!$C$2:$X$81,5,FALSE),0)+IF(ISNUMBER(VLOOKUP($V$19*A45,Data!$C$2:$X$81,5,FALSE))=TRUE,VLOOKUP($V$19*A45,Data!$C$2:$X$81,5,FALSE),0)+IF(ISNUMBER(VLOOKUP($O$19*A45,Data!$C$2:$X$81,5,FALSE))=TRUE,VLOOKUP($O$19*A45,Data!$C$2:$X$81,5,FALSE),0)+IF(ISNUMBER(VLOOKUP($H$19*A45,Data!$C$2:$X$81,5,FALSE))=TRUE,VLOOKUP($H$19*A45,Data!$C$2:$X$81,5,FALSE),0)+IF(ISNUMBER(VLOOKUP($A$19*A45,Data!$C$2:$X$81,5,FALSE))=TRUE,VLOOKUP($A$19*A45,Data!$C$2:$X$81,5,FALSE),0)) -> 20 | C57: =(IF(ISNUMBER(VLOOKUP($A$1*A45,Data!$C$2:$X$81,19,FALSE))=TRUE,VLOOKUP($A$1*A45,Data!$C$2:$X$81,19,FALSE),0)+ IF(ISNUMBER(VLOOKUP($H$1*A45,Data!$C$2:$X$81,19,FALSE))=TRUE,VLOOKUP($H$1*A45,Data!$C$2:$X$81,19,FALSE),0)+IF(ISNUMBER(VLOOKUP($O$1*A45,Data!$C$2:$X$81,19,FALSE))=TRUE,VLOOKUP($O$1*A45,Data!$C$2:$X$81,19,FALSE),0)+IF(ISNUMBER(VLOOKUP($V$1*A45,Data!$C$2:$X$81,19,FALSE))=TRUE,VLOOKUP($V$1*A45,Data!$C$2:$X$81,19,FALSE),0)+IF(ISNUMBER(VLOOKUP($AC$1*A45,Data!$C$2:$X$81,19,FALSE))=TRUE,VLOOKUP($AC$1*A45,Data!$C$2:$X$81,19,FALSE),0)+IF(ISNUMBER(VLOOKUP($AC$19*A45,Data!$C$2:$X$81,19,FALSE))=TRUE,VLOOKUP($AC$19*A45,Data!$C$2:$X$81,19,FALSE),0)+IF(ISNUMBER(VLOOKUP($V$19*A45,Data!$C$2:$X$81,19,FALSE))=TRUE,VLOOKUP($V$19*A45,Data!$C$2:$X$81,19,FALSE),0)+IF(ISNUMBER(VLOOKUP($O$19*A45,Data!$C$2:$X$81,19,FALSE))=TRUE,VLOOKUP($O$19*A45,Data!$C$2:$X$81,19,FALSE),0)+IF(ISNUMBER(VLOOKUP($H$19*A45,Data!$C$2:$X$81,19,FALSE))=TRUE,VLOOKUP($H$19*A45,Data!$C$2:$X$81,19,FALSE),0)+IF(ISNUMBER(VLOOKUP($A$19*A45,Data!$C$2:$X$81,19,FALSE))=TRUE,VLOOKUP($A$19*A45,Data!$C$2:$X$81,19,FALSE),0)) -> 65.88 | D57: =(B57+C57)/20 -> 4.294 | E57: =(IF(ISNUMBER(VLOOKUP($V$1*A45,Data!$C$2:$X$81,5,FALSE))=TRUE,VLOOKUP($V$1*A45,Data!$C$2:$X$81,5,FALSE),0)+IF(ISNUMBER(VLOOKUP($AC$1*A45,Data!$C$2:$X$81,5,FALSE))=TRUE,VLOOKUP($AC$1*A45,Data!$C$2:$X$81,5,FALSE),0)+IF(ISNUMBER(VLOOKUP($AC$19*A45,Data!$C$2:$X$81,5,FALSE))=TRUE,VLOOKUP($AC$19*A45,Data!$C$2:$X$81,5,FALSE),0)+IF(ISNUMBER(VLOOKUP($V$19*A45,Data!$C$2:$X$81,5,FALSE))=TRUE,VLOOKUP($V$19*A45,Data!$C$2:$X$81,5,FALSE),0)) -> 9 | F57: =(IF(ISNUMBER(VLOOKUP($V$1*A45,Data!$C$2:$X$81,19,FALSE))=TRUE,VLOOKUP($V$1*A45,Data!$C$2:$X$81,19,FALSE),0)+IF(ISNUMBER(VLOOKUP($AC$1*A45,Data!$C$2:$X$81,19,FALSE))=TRUE,VLOOKUP($AC$1*A45,Data!$C$2:$X$81,19,FALSE),0)+IF(ISNUMBER(VLOOKUP($AC$19*A45,Data!$C$2:$X$81,19,FALSE))=TRUE,VLOOKUP($AC$19*A45,Data!$C$2:$X$81,19,FALSE),0)+IF(ISNUMBER(VLOOKUP($V$19*A45,Data!$C$2:$X$81,19,FALSE))=TRUE,VLOOKUP($V$19*A45,Data!$C$2:$X$81,19,FALSE),0)) -> 23.35 | G57: =(E57+F57)/8 -> 4.04375 | H57: =Entry!$A$24 -> #N/A
A58: 8 | B58: =(IF(ISNUMBER(VLOOKUP($A$1*A46,Data!$C$2:$X$81,5,FALSE))=TRUE,VLOOKUP($A$1*A46,Data!$C$2:$X$81,5,FALSE),0)+ IF(ISNUMBER(VLOOKUP($H$1*A46,Data!$C$2:$X$81,5,FALSE))=TRUE,VLOOKUP($H$1*A46,Data!$C$2:$X$81,5,FALSE),0)+IF(ISNUMBER(VLOOKUP($O$1*A46,Data!$C$2:$X$81,5,FALSE))=TRUE,VLOOKUP($O$1*A46,Data!$C$2:$X$81,5,FALSE),0)+IF(ISNUMBER(VLOOKUP($V$1*A46,Data!$C$2:$X$81,5,FALSE))=TRUE,VLOOKUP($V$1*A46,Data!$C$2:$X$81,5,FALSE),0)+IF(ISNUMBER(VLOOKUP($AC$1*A46,Data!$C$2:$X$81,5,FALSE))=TRUE,VLOOKUP($AC$1*A46,Data!$C$2:$X$81,5,FALSE),0)+IF(ISNUMBER(VLOOKUP($AC$19*A46,Data!$C$2:$X$81,5,FALSE))=TRUE,VLOOKUP($AC$19*A46,Data!$C$2:$X$81,5,FALSE),0)+IF(ISNUMBER(VLOOKUP($V$19*A46,Data!$C$2:$X$81,5,FALSE))=TRUE,VLOOKUP($V$19*A46,Data!$C$2:$X$81,5,FALSE),0)+IF(ISNUMBER(VLOOKUP($O$19*A46,Data!$C$2:$X$81,5,FALSE))=TRUE,VLOOKUP($O$19*A46,Data!$C$2:$X$81,5,FALSE),0)+IF(ISNUMBER(VLOOKUP($H$19*A46,Data!$C$2:$X$81,5,FALSE))=TRUE,VLOOKUP($H$19*A46,Data!$C$2:$X$81,5,FALSE),0)+IF(ISNUMBER(VLOOKUP($A$19*A46,Data!$C$2:$X$81,5,FALSE))=TRUE,VLOOKUP($A$19*A46,Data!$C$2:$X$81,5,FALSE),0)) -> 19 | C58: =(IF(ISNUMBER(VLOOKUP($A$1*A46,Data!$C$2:$X$81,19,FALSE))=TRUE,VLOOKUP($A$1*A46,Data!$C$2:$X$81,19,FALSE),0)+ IF(ISNUMBER(VLOOKUP($H$1*A46,Data!$C$2:$X$81,19,FALSE))=TRUE,VLOOKUP($H$1*A46,Data!$C$2:$X$81,19,FALSE),0)+IF(ISNUMBER(VLOOKUP($O$1*A46,Data!$C$2:$X$81,19,FALSE))=TRUE,VLOOKUP($O$1*A46,Data!$C$2:$X$81,19,FALSE),0)+IF(ISNUMBER(VLOOKUP($V$1*A46,Data!$C$2:$X$81,19,FALSE))=TRUE,VLOOKUP($V$1*A46,Data!$C$2:$X$81,19,FALSE),0)+IF(ISNUMBER(VLOOKUP($AC$1*A46,Data!$C$2:$X$81,19,FALSE))=TRUE,VLOOKUP($AC$1*A46,Data!$C$2:$X$81,19,FALSE),0)+IF(ISNUMBER(VLOOKUP($AC$19*A46,Data!$C$2:$X$81,19,FALSE))=TRUE,VLOOKUP($AC$19*A46,Data!$C$2:$X$81,19,FALSE),0)+IF(ISNUMBER(VLOOKUP($V$19*A46,Data!$C$2:$X$81,19,FALSE))=TRUE,VLOOKUP($V$19*A46,Data!$C$2:$X$81,19,FALSE),0)+IF(ISNUMBER(VLOOKUP($O$19*A46,Data!$C$2:$X$81,19,FALSE))=TRUE,VLOOKUP($O$19*A46,Data!$C$2:$X$81,19,FALSE),0)+IF(ISNUMBER(VLOOKUP($H$19*A46,Data!$C$2:$X$81,19,FALSE))=TRUE,VLOOKUP($H$19*A46,Data!$C$2:$X$81,19,FALSE),0)+IF(ISNUMBER(VLOOKUP($A$19*A46,Data!$C$2:$X$81,19,FALSE))=TRUE,VLOOKUP($A$19*A46,Data!$C$2:$X$81,19,FALSE),0)) -> 69.02 | D58: =(B58+C58)/20 -> 4.401 | E58: =(IF(ISNUMBER(VLOOKUP($V$1*A46,Data!$C$2:$X$81,5,FALSE))=TRUE,VLOOKUP($V$1*A46,Data!$C$2:$X$81,5,FALSE),0)+IF(ISNUMBER(VLOOKUP($AC$1*A46,Data!$C$2:$X$81,5,FALSE))=TRUE,VLOOKUP($AC$1*A46,Data!$C$2:$X$81,5,FALSE),0)+IF(ISNUMBER(VLOOKUP($AC$19*A46,Data!$C$2:$X$81,5,FALSE))=TRUE,VLOOKUP($AC$19*A46,Data!$C$2:$X$81,5,FALSE),0)+IF(ISNUMBER(VLOOKUP($V$19*A46,Data!$C$2:$X$81,5,FALSE))=TRUE,VLOOKUP($V$19*A46,Data!$C$2:$X$81,5,FALSE),0)) -> 8 | F58: =(IF(ISNUMBER(VLOOKUP($V$1*A46,Data!$C$2:$X$81,19,FALSE))=TRUE,VLOOKUP($V$1*A46,Data!$C$2:$X$81,19,FALSE),0)+IF(ISNUMBER(VLOOKUP($AC$1*A46,Data!$C$2:$X$81,19,FALSE))=TRUE,VLOOKUP($AC$1*A46,Data!$C$2:$X$81,19,FALSE),0)+IF(ISNUMBER(VLOOKUP($AC$19*A46,Data!$C$2:$X$81,19,FALSE))=TRUE,VLOOKUP($AC$19*A46,Data!$C$2:$X$81,19,FALSE),0)+IF(ISNUMBER(VLOOKUP($V$19*A46,Data!$C$2:$X$81,19,FALSE))=TRUE,VLOOKUP($V$19*A46,Data!$C$2:$X$81,19,FALSE),0)) -> 24.74 | G58: =(E58+F58)/8 -> 4.0925 | H58: =Entry!$A$24 -> #N/A
D59: =MAX(D51:D58)-MIN(D51:D58) -> 5.596 | G59: =MAX(G51:G58)-MIN(G51:G58) -> 4.0925 | H59: =MAX(H51:H58)-MIN(H51:H58) -> #N/A

Sheet Close Outcome
Q1: Put change | R1: Call change | S1: Increase | T1: W
P2: 1 | Q2: =(Info!AE2-Info!AE3)/100000 -> -186.92675 | R2: =(Info!AD2-Info!AD3)/100000 -> -77.22 | S2: =((R2-Q2)*100000)/(Info!AE3-Info!AD3) -> 1 | T2: 9 | U2: =IF(S2<0,-1,1) -> 1 | V2: =IF(U2>0,U2*T2,0) -> 9 | W2: =(Info!AE2-Info!AD2) -> 0 | X2: =S2*V2 -> 9 | Y2: =S2*IF(U2<0,T2,0) -> 0
P3: 2 | Q3: =(Info!AE3-Info!AE4)/100000 -> -0.316 | R3: =(Info!AD3-Info!AD4)/100000 -> -12.39725 | S3: =((R3-Q3)*100000)/(Info!AE4-Info!AD4) -> -0.12375097 | T3: 7.5 | U3: =IF(S3<0,-1,1) -> -1 | V3: =IF(U3>0,U3*T3,0) -> 0 | W3: =(Info!AE3-Info!AD3) -> 10970675 | X3: =S3*V3 -> 0 | Y3: =S3*IF(U3<0,T3,0) -> -0.92813225
P4: 3 | Q4: =(Info!AE4-Info!AE5)/100000 -> 0 | R4: =(Info!AD4-Info!AD5)/100000 -> 0 | S4: =((R4-Q4)*100000)/(Info!AE5-Info!AD5) -> 0 | T4: 6.125 | U4: =IF(S4<0,-1,1) -> 1 | V4: =IF(U4>0,U4*T4,0) -> 6.125 | W4: =(Info!AE4-Info!AD4) -> 9762550 | X4: =S4*V4 -> 0 | Y4: =S4*IF(U4<0,T4,0) -> 0
P5: 4 | Q5: =(Info!AE5-Info!AE6)/100000 -> 30.27625 | R5: =(Info!AD5-Info!AD6)/100000 -> -21.98575 | S5: =((R5-Q5)*100000)/(Info!AE6-Info!AD6) -> -1.1520716 | T5: 5 | U5: =IF(S5<0,-1,1) -> -1 | V5: =IF(U5>0,U5*T5,0) -> 0 | W5: =(Info!AE5-Info!AD5) -> 9762550 | X5: =S5*V5 -> 0 | Y5: =S5*IF(U5<0,T5,0) -> -5.760358
P6: 5 | Q6: =(Info!AE6-Info!AE7)/100000 -> 15.24025 | R6: =(Info!AD6-Info!AD7)/100000 -> -7.227 | S6: =((R6-Q6)*100000)/(Info!AE7-Info!AD7) -> -0.98126331 | T6: 4 | U6: =IF(S6<0,-1,1) -> -1 | V6: =IF(U6>0,U6*T6,0) -> 0 | W6: =(Info!AE6-Info!AD6) -> 4536350 | X6: =S6*V6 -> 0 | Y6: =S6*IF(U6<0,T6,0) -> -3.9250532
P7: 6 | Q7: =(Info!AE7-Info!AE8)/100000 -> 16.55475 | R7: =(Info!AD7-Info!AD8)/100000 -> -16.7805 | S7: =((R7-Q7)*100000)/(Info!AE8-Info!AD8) -> 3.1933375 | T7: 3.25 | U7: =IF(S7<0,-1,1) -> 1 | V7: =IF(U7>0,U7*T7,0) -> 3.25 | W7: =(Info!AE7-Info!AD7) -> 2289625 | X7: =S7*V7 -> 10.378347 | Y7: =S7*IF(U7<0,T7,0) -> 0
P8: 7 | Q8: =(Info!AE8-Info!AE9)/100000 -> 14.9485 | R8: =(Info!AD8-Info!AD9)/100000 -> -11.369 | S8: =((R8-Q8)*100000)/(Info!AE9-Info!AD9) -> 0.71599581 | T8: 2.5 | U8: =IF(S8<0,-1,1) -> 1 | V8: =IF(U8>0,U8*T8,0) -> 2.5 | W8: =(Info!AE9-Info!AD9) -> -3675650 | X8: =S8*V8 -> 1.7899895 | Y8: =S8*IF(U8<0,T8,0) -> 0
R9: Direction | S9: =SUM(V2:V8)/SUM(T2:T8) -> 0.55852843 | W9: =W8-W2 -> -3675650 | X9: =SUM(X2:X8) -> 21.168336 | Y9: =SUM(Y2:Y8) -> -10.613543
R10: Strength | S10: =SUMPRODUCT(S2:S8,T2:T8) -> 10.554793 | T10: PF | U10: =X9 -> 21.168336 | W10: =W5-W2 -> 9762550
R11: Wall T | S11: =(Info!AE2-Info!AD2) -> 0 | T11: PA | U11: =ABS(Y9) -> 10.613543
R12: Destroyed wall | S12: =W9 -> -3675650 | T12: p | U12: =U10/(U10+U11) -> 0.66605048
R13: Destroyed 4 | S13: =W10 -> 9762550
J15: 1 | K15: 8 | L15: 1M8 | M15: 4 | N15: 1M4 | O15: 4M8 | P15: PCD1 | Q15: PCD4 | R15: PCD8 | U15: 1 | V15: 8 | W15: 1M8 | X15: 4 | Y15: 1M4 | Z15: 4M8 | AA15: PCD1 | AB15: PCD4 | AC15: PCD8
C16: Suggestion | G16: Reversal | H16: X | I16: PUT | J16: =Info!AE2/100000 -> 0 | K16: =Info!AE9/100000 -> 110.223 | L16: =J16-K16 -> -110.223 | M16: =Info!AE5/100000 -> 187.24275 | N16: =J16-M16 -> -187.24275 | O16: =M16-K16 -> 77.01975 | P16: =J16-J17 -> 0 | Q16: =M16-M17 -> 97.6255 | R16: =K16-K17 -> -36.7565 | S16: X | T16: PUT | U16: =Info!X2/100000 -> 0 | V16: =Info!X9/100000 -> 201.0955 | W16: =U16-V16 -> -201.0955 | X16: =Info!X5/100000 -> 131.24125 | Y16: =U16-X16 -> -131.24125 | Z16: =X16-V16 -> -69.85425 | AA16: =U16-U17 -> 0 | AB16: =X16-X17 -> 93.54125 | AC16: =V16-V17 -> 127.78425
A17: =A20 -> PUT | B17: =B20 -> #DIV/0! | C17: Immidiate | E17: =IF(ABS(Info!D47)>0.1,IF(ABS(Info!D59)>0.1,IF(Info!G47>0,IF(Info!G59>0," Bearish","Bulish"),IF(Info!G59>0," Bearish","Bulish")),0),0) -> #DIV/0! | G17: =IF(Info!G39>1.3,"Berish Reversal",IF(Info!G39<0.7,"Bulish Reversal",0)) -> #DIV/0! | I17: CALL | J17: =Info!AD2/100000 -> 0 | K17: =Info!AD9/100000 -> 146.9795 | L17: =J17-K17 -> -146.9795 | M17: =Info!AD5/100000 -> 89.61725 | N17: =J17-M17 -> -89.61725 | O17: =M17-K17 -> -57.36225 | P17: =IF((Info!AE9-Info!AD9)>0,(('Close Outcome'!L17-'Close Outcome'!L16)*100000)/(Info!AE9-Info!AD9),(('Close Outcome'!L17-'Close Outcome'!L16)*100000)/(Info!AD9-Info!AE9)) -> -1 | Q17: =IF((Info!AE5-Info!AD5)>0,((N17-N16)*100000)/(Info!AE5-Info!AD5),((N17-N16)*100000)/(Info!AD5-Info!AE5)) -> 1 | R17: =IF((Info!AE9-Info!AD9)>0,((O17-O16)*100000)/(Info!AE9-Info!AD9),((O17-O16)*100000)/(Info!AD9-Info!AE9)) -> -3.6560064 | T17: CALL | U17: =Info!W2/100000 -> 0 | V17: =Info!W9/100000 -> 73.31125 | W17: =U17-V17 -> -73.31125 | X17: =Info!W5/100000 -> 37.7 | Y17: =U17-X17 -> -37.7 | Z17: =X17-V17 -> -35.61125 | AA17: =IF((Info!X9-Info!W9)>0,((W17-W16)*100000)/(Info!X9-Info!W9),((W17-W16)*100000)/(Info!W9-Info!X9)) -> 1 | AB17: =IF((Info!X5-Info!W5)>0,((Y17-Y16)*100000)/(Info!X5-Info!W5),((Y17-Y16)*100000)/(Info!W5-Info!X5)) -> 1 | AC17: =IF((Info!X9-Info!W9)>0,((Z17-Z16)*100000)/(Info!X9-Info!W9),((Z17-Z16)*100000)/(Info!W9-Info!X9)) -> 0.26797512
A18: =A21 -> Call | B18: =B21 -> #DIV/0! | C18: Mid | E18: =IF(ABS(Info!G47)>0.1,IF(ABS(Info!G59)>0.1,IF(Info!G47>0,IF(Info!G59>0," Bearish","Bulish"),IF(Info!G59>0," Bearish","Bulish")),0),0) -> #DIV/0! | G18: =IF(Info!D39>1.3,"Berish Reversal",IF(Info!D39<0.7,"Bulish Reversal",0)) -> #DIV/0! | H18: Y | I18: PUT | J18: =Info!AE20/100000 -> 0 | K18: =Info!AE27/100000 -> 46.13775 | L18: =J18-K18 -> -46.13775 | M18: =Info!AE23/100000 -> 71.15275 | N18: =J18-M18 -> -71.15275 | O18: =M18-K18 -> 25.015 | P18: =J19-J18 -> 0 | Q18: =M19-M18 -> 96.07525 | R18: =K19-K18 -> 110.4225 | S18: Y | T18: PUT | U18: =Info!X20/100000 -> 0 | V18: =Info!X27/100000 -> 7.9465 | W18: =U18-V18 -> -7.9465 | X18: =Info!X23/100000 -> 15.5415 | Y18: =U18-X18 -> -15.5415 | Z18: =X18-V18 -> 7.595 | AA18: =U19-U18 -> 0 | AB18: =X19-X18 -> 37.5935 | AC18: =V19-V18 -> 56.08725
C19: Total | E19: =IF(ABS(Info!H47)>0.1,IF(ABS(Info!H59)>0.1,IF(Info!H47>0,IF(Info!H59>0," Bearish","Bulish"),IF(Info!H59>0," Bearish","Bulish")),0),0) -> #N/A | G19: =IF(Entry!A4>1.3,"Berish Reversal",IF(Entry!A4<0.7,"Bulish Reversal",0)) -> #N/A | I19: CALL | J19: =Info!AD20/100000 -> 0 | K19: =Info!AD27/100000 -> 156.56025 | L19: =J19-K19 -> -156.56025 | M19: =Info!AD23/100000 -> 167.228 | N19: =J19-M19 -> -167.228 | O19: =M19-K19 -> 10.66775 | P19: =IF((Info!AD27-Info!AE27)>0,((L18-L19)*100000)/(Info!AD27-Info!AE27),((L18-L19)*100000)/(Info!AE27-Info!AD27)) -> 1 | Q19: =IF((Info!AD23-Info!AE23)>0,((N18-N19)*100000)/(Info!AD23-Info!AE23),((N18-N19)*100000)/(Info!AE23-Info!AD23)) -> 1 | R19: =IF((Info!AD27-Info!AE27)>0,((O18-O19)*100000)/(Info!AD27-Info!AE27),((O18-O19)*100000)/(Info!AE27-Info!AD27)) -> 0.12993049 | T19: CALL | U19: =Info!W20/100000 -> 0 | V19: =Info!W27/100000 -> 64.03375 | W19: =U19-V19 -> -64.03375 | X19: =Info!W23/100000 -> 53.135 | Y19: =U19-X19 -> -53.135 | Z19: =X19-V19 -> -10.89875 | AA19: =IF((Info!W27-Info!X27)>0,((W18-W19)*100000)/(Info!W27-Info!X27),((W18-W19)*100000)/(Info!X27-Info!W27)) -> 1 | AB19: =IF((Info!W23-Info!X23)>0,((Y18-Y19)*100000)/(Info!W23-Info!X23),((Y18-Y19)*100000)/(Info!X23-Info!W23)) -> 1 | AC19: =IF((Info!W27-Info!X27)>0,((Z18-Z19)*100000)/(Info!W27-Info!X27),((Z18-Z19)*100000)/(Info!X27-Info!W27)) -> 0.3297318
A20: PUT | B20: =VLOOKUP(Info!AN49,Info!AN39:AO48,2,FALSE) -> #DIV/0!
A21: Call | B21: =VLOOKUP(Info!AM49,Info!AM39:AO48,3,FALSE) -> #DIV/0! | Q21: Put change | R21: Call change | S21: Increase | T21: W
P22: 1 | Q22: =(Info!AE20-Info!AE21)/100000 -> -64.77425 | R22: =(Info!AD20-Info!AD21)/100000 -> -150.4165 | S22: =((Q22-R22)*100000)/(Info!AD21-Info!AE21) -> 1 | T22: 9 | U22: =IF(S22<0,-1,1) -> 1 | V22: =IF(U22>0,U22*T22,0) -> 9 | W22: =(Info!AD20-Info!AE20) -> 0 | X22: =S22*V22 -> 9 | Y22: =S22*IF(U22<0,T22,0) -> 0
P23: 2 | Q23: =(Info!AE21-Info!AE22)/100000 -> -6.3785 | R23: =(Info!AD21-Info!AD22)/100000 -> -16.8115 | S23: =((Q23-R23)*100000)/(Info!AD22-Info!AE22) -> 0.10859196 | T23: 7.5 | U23: =IF(S23<0,-1,1) -> 1 | V23: =IF(U23>0,U23*T23,0) -> 7.5 | W23: =(Info!AD21-Info!AE21) -> 8564225 | X23: =S23*V23 -> 0.81443972 | Y23: =S23*IF(U23<0,T23,0) -> 0
P24: 3 | Q24: =(Info!AE22-Info!AE23)/100000 -> 0 | R24: =(Info!AD22-Info!AD23)/100000 -> 0 | S24: =((Q24-R24)*100000)/(Info!AD23-Info!AE23) -> 0 | T24: 6.125 | U24: =IF(S24<0,-1,1) -> 1 | V24: =IF(U24>0,U24*T24,0) -> 6.125 | W24: =(Info!AD22-Info!AE22) -> 9607525 | X24: =S24*V24 -> 0 | Y24: =S24*IF(U24<0,T24,0) -> 0
P25: 4 | Q25: =(Info!AE23-Info!AE24)/100000 -> 12.94875 | R25: =(Info!AD23-Info!AD24)/100000 -> -14.785 | S25: =((Q25-R25)*100000)/(Info!AD24-Info!AE24) -> 0.22400431 | T25: 5 | U25: =IF(S25<0,-1,1) -> 1 | V25: =IF(U25>0,U25*T25,0) -> 5 | W25: =(Info!AD23-Info!AE23) -> 9607525 | X25: =S25*V25 -> 1.1200216 | Y25: =S25*IF(U25<0,T25,0) -> 0
P26: 5 | Q26: =(Info!AE24-Info!AE25)/100000 -> 8.20725 | R26: =(Info!AD24-Info!AD25)/100000 -> 12.259 | S26: =((Q26-R26)*100000)/(Info!AD25-Info!AE25) -> -0.033833025 | T26: 4 | U26: =IF(S26<0,-1,1) -> -1 | V26: =IF(U26>0,U26*T26,0) -> 0 | W26: =(Info!AD24-Info!AE24) -> 12380900 | X26: =S26*V26 -> 0 | Y26: =S26*IF(U26<0,T26,0) -> -0.1353321
P27: 6 | Q27: =(Info!AE25-Info!AE26)/100000 -> 2.87825 | R27: =(Info!AD25-Info!AD26)/100000 -> 9.00025 | S27: =((Q27-R27)*100000)/(Info!AD26-Info!AE26) -> -0.053874128 | T27: 3.25 | U27: =IF(S27<0,-1,1) -> -1 | V27: =IF(U27>0,U27*T27,0) -> 0 | W27: =(Info!AD25-Info!AE25) -> 11975725 | X27: =S27*V27 -> 0 | Y27: =S27*IF(U27<0,T27,0) -> -0.17509092
P28: 7 | Q28: =(Info!AE26-Info!AE27)/100000 -> 0.98075 | R28: =(Info!AD26-Info!AD27)/100000 -> 4.1935 | S28: =((Q28-R28)*100000)/(Info!AD27-Info!AE27) -> -0.029095067 | T28: 2.5 | U28: =IF(S28<0,-1,1) -> -1 | V28: =IF(U28>0,U28*T28,0) -> 0 | W28: =(Info!AD27-Info!AE27) -> 11042250 | X28: =S28*V28 -> 0 | Y28: =S28*IF(U28<0,T28,0) -> -0.072737667
R29: Direction | S29: =SUM(V22:V28)/SUM(T22:T28) -> 0.73913043 | W29: =W28-W22 -> 11042250 | X29: =SUM(X22:X28) -> 10.934461 | Y29: =SUM(Y22:Y28) -> -0.38316068
R30: Strength | S30: =SUMPRODUCT(S22:S28,T22:T28) -> 10.551301 | T30: PF | U30: =X29 -> 10.934461 | W30: =W25-W22 -> 9607525
R31: Wall T | S31: =(Info!AD20-Info!AE20) -> 0 | T31: PA | U31: =ABS(Y29) -> 0.38316068
R32: Destroyed wall | S32: =W29 -> 11042250 | T32: p | U32: =U30/(U30+U31) -> 0.96614477
R33: Destroyed 4 | S33: =W30 -> 9607525

Sheet Long

Sheet day strategy
A1: Nifty
A2: From | B2: TO | C2: Monday | D2: Tuesday | E2: Wednesday | F2: Thursday | G2: Friday
A3: 0.38541667 | B3: 0.38680556 | C3: NA | D3: NA | E3: NA | F3: NA | G3: Immediately sell what we hold at thursday
A4: 0.38541667 | B4: 0.4375 | C4: Analysis+ | D4: Analysis+ | E4: Analysis+ | F4: Analysis+ | G4: Analysis+
A5: 0.39583333 | B5: 0.4375 | C5: Trade+ | D5: Trade+ | E5: Trade+ | F5: Trade+ | G5: Trade+
A6: 0.57291667 | B6: 0.61458333 | C6: Analysis | D6: Analysis | E6: Analysis | F6: Analysis | G6: Analysis
A7: 0.58333333 | B7: 0.625 | C7: Trade | D7: Trade | E7: Trade | F7: Trade | G7: Trade
A8: 0.625 | B8: 0.63888889 | C8: Do not trade intraday, Also do not take new trade | D8: Do not trade intraday, Also do not take new trade | E8: Do not trade intraday, Also do not take new trade | F8: Analysed based on next expiry for next expiry option | G8: Do not trade intraday, Also do not take new trade
A9: 0.625 | B9: 0.64583333 | C9: Do not trade intraday, Also do not take new trade | D9: Do not trade intraday, Also do not take new trade | E9: Do not trade intraday, Also do not take new trade | F9: Buy based on dicision not intraday only if there is reversal as per Thursday over all trend | G9: Do not trade intraday, Also do not take new trade
C11: Cover buying is only good during close recovery, so buy only if there is huge move against and huge chances for recovery | D11: If doing trading in second half do not do intra day | E11: Recovery is common during non expiry days, where as on expiry trend continuation have higher probablity | F11: Price change in morning govern by new Ois where as during session end post 2:45 its govern by Ois leaving except expiry | G11: if big move then reversal is emenent, if positive then sell if negative then hold
C12: Morning is the best time for trade
